,mean_fit_time,std_fit_time,mean_score_time,std_score_time,param_alpha,params,split0_test_score,split1_test_score,split2_test_score,split3_test_score,split4_test_score,split5_test_score,split6_test_score,split7_test_score,split8_test_score,split9_test_score,mean_test_score,std_test_score,rank_test_score
0,0.06301414966583252,0.015570119937784713,0.003218221664428711,0.0007148532752391934,50.0,{'alpha': 50.0},-1.4671135511361992,-1.4851678221751345,-1.5789218442364508,-1.5934873139299286,-1.1582192988793332,-1.8464603409573843,-1.6769756114869687,-1.5293080514381887,-1.6546316916571326,-1.5646390473280398,-1.555492457322476,0.16810509514702457,200
1,0.05345470905303955,0.015556146226359462,0.0030159711837768554,0.0005010076925611313,50.050251256281406,{'alpha': 50.050251256281406},-1.4671148253636874,-1.485167689166826,-1.5789116107174375,-1.593487704074361,-1.1582180771174082,-1.8464577669558009,-1.676982262209611,-1.5293100981255403,-1.6546290181297516,-1.5646400218547438,-1.555491907371517,0.16810503954158348,199
2,0.05356330871582031,0.0064742735667768884,0.003468775749206543,0.0006562090012904825,50.10050251256281,{'alpha': 50.10050251256281},-1.467116099605081,-1.4851675558601662,-1.5789013841367447,-1.5934880911650693,-1.15821685743396,-1.8464551899716786,-1.6769889255542965,-1.52931214796683,-1.6546263437463757,-1.5646409963117864,-1.5554913591751987,0.16810498388034,198
3,0.04775989055633545,0.004072596673182153,0.003184342384338379,0.0009790959760586657,50.15075376884422,{'alpha': 50.15075376884422},-1.4671173738612648,-1.4851674222569229,-1.578891164479502,-1.5934884752108975,-1.1582156398240764,-1.846452610013208,-1.6769956014903364,-1.5293142009604153,-1.654623668510213,-1.564641970700291,-1.555490812730713,0.1681049281638111,197
4,0.054952812194824216,0.005974507495256715,0.004189205169677734,0.0021297232786041172,50.20100502512563,{'alpha': 50.20100502512563},-1.467118648133117,-1.4851672883588551,-1.578880951730888,-1.593488856220656,-1.1582144242828583,-1.8464500270885542,-1.6770022899871424,-1.5293162571046477,-1.6546209924244573,-1.5646429450213746,-1.5554902680352547,0.16810487239251354,196
5,0.054582071304321286,0.008272034494097106,0.003492307662963867,0.000744716740056086,50.25125628140704,{'alpha': 50.25125628140704},-1.467119922421512,-1.4851671541677114,-1.5788707458761209,-1.5934892342031208,-1.1582132108054275,-1.8464474412058482,-1.6770089910142314,-1.5293183163978654,-1.6546183154922898,-1.5646439192761505,-1.5554897250860278,0.16810481656696075,195
6,0.053406929969787596,0.0073963942390163,0.0033663034439086912,0.0007077547626625298,50.301507537688444,{'alpha': 50.301507537688444},-1.467121196727316,-1.4851670196852338,-1.5788605469004642,-1.5934896091670356,-1.1582119993869164,-1.846444852373197,-1.6770157045412137,-1.5293203788383951,-1.6546156377168793,-1.564644893465725,-1.5554891838802378,0.1681047606876665,194
7,0.056248021125793454,0.011100959036294348,0.00388944149017334,0.0012971179711655382,50.35175879396985,{'alpha': 50.35175879396985},-1.4671224710513928,-1.4851668849131543,-1.5788503547892259,-1.5934899811211107,-1.1582107900224787,-1.846442260598673,-1.6770224305377996,-1.5293224444245548,-1.6546129591013814,-1.564645867591198,-1.5554886444150968,0.16810470475514067,193
8,0.058666443824768065,0.007884645866951047,0.0030747175216674803,0.0005047283597047488,50.402010050251256,{'alpha': 50.402010050251256},-1.4671237453945982,-1.485166749853196,-1.5788401695277552,-1.593490350074024,-1.1582095827072787,-1.8464396658903273,-1.6770291689738042,-1.5293245131546478,-1.6546102796489393,-1.5646468416536632,-1.5554881066878234,0.1681046487698948,192
9,0.05248072147369385,0.005254501389082362,0.003582262992858887,0.0006310338034689846,50.45226130653266,{'alpha': 50.45226130653266},-1.4671250197577845,-1.4851666145070757,-1.5788299911014445,-1.5934907160344203,-1.1582083774365008,-1.8464370682561735,-1.6770359198191291,-1.5293265850269724,-1.6546075993626828,-1.5646478156542083,-1.555487570695639,0.168104592732435,191
10,0.051335835456848146,0.004328120613640867,0.003515887260437012,0.001272171230729037,50.50251256281407,{'alpha': 50.50251256281407},-1.4671262941417968,-1.485166478876498,-1.5788198194957306,-1.5934910790109114,-1.1582071742053432,-1.8464344677042053,-1.677042683043786,-1.529328660039811,-1.65460491824573,-1.564648789593916,-1.5554870364357727,0.16810453664326924,190
11,0.049213600158691403,0.006052926053266854,0.0035856485366821287,0.0007591574107896993,50.552763819095475,{'alpha': 50.552763819095475},-1.4671275685474756,-1.4851663429631625,-1.5788096546960908,-1.5934914390120785,-1.1582059730090184,-1.8464318642423827,-1.6770494586178744,-1.5293307381914392,-1.654602236301186,-1.5646497634738612,-1.5554865039054568,0.16810448050290228,189
12,0.051159000396728514,0.005044582214742819,0.004667973518371582,0.004513074228631557,50.60301507537689,{'alpha': 50.60301507537689},-1.467128842975658,-1.4851662067687585,-1.5787994966880483,-1.5934917960464678,-1.1582047738427583,-1.846429257878641,-1.6770562465116008,-1.5293328194801197,-1.6545995535321438,-1.5646507372951153,-1.555485973101931,0.16810442431183784,188
13,0.05129539966583252,0.007325998234807741,0.0037968635559082033,0.001654650731256732,50.653266331658294,{'alpha': 50.653266331658294},-1.4671301174271718,-1.485166070294967,-1.578789345457166,-1.5934921501225958,-1.158203576701806,-1.846426648620885,-1.6770630466952579,-1.5293349039041064,-1.6545968699416813,-1.5646517110587412,-1.555485444022438,0.16810436807057805,187
14,0.0470766544342041,0.00774788664345219,0.003199601173400879,0.000438055655677071,50.7035175879397,{'alpha': 50.7035175879397},-1.4671313919028421,-1.4851659335434622,-1.5787792009890487,-1.5934925012489463,-1.1582023815814229,-1.8464240364769917,-1.677069859139243,-1.529336991461643,-1.6545941855328685,-1.5646526847658002,-1.5554849166642268,0.16810431177962354,186
15,0.04342615604400635,0.0029433174259004854,0.003548455238342285,0.001287186417096545,50.753768844221106,{'alpha': 50.753768844221106},-1.467132666403489,-1.4851657965159073,-1.5787690632693447,-1.5934928494339708,-1.1582011884768855,-1.8464214214548118,-1.6770766838140407,-1.529339082150963,-1.65459150030876,-1.5646536584173427,-1.5554843910245517,0.16810425543947305,185
16,0.04797883033752441,0.008274244898967567,0.0036930084228515626,0.0010028290910454663,50.80402010050251,{'alpha': 50.80402010050251},-1.4671339409299262,-1.485165659213959,-1.5787589322837448,-1.5934931946860909,-1.1581999973834836,-1.8464188035621683,-1.6770835206902401,-1.5293411759702888,-1.6545888142723992,-1.5646546320144163,-1.5554838671006717,0.16810419905062504,184
17,0.044123291969299316,0.004197402322858488,0.003057718276977539,0.0003259671683032153,50.85427135678392,{'alpha': 50.85427135678392},-1.467135215482963,-1.4851655216392659,-1.5787488080179795,-1.593493537013693,-1.1581988082965247,-1.8464161828068562,-1.6770903697385204,-1.5293432729178338,-1.6545861274268152,-1.5646556055580625,-1.5554833448898515,0.16810414261357523,183
18,0.04567732810974121,0.005548637158713948,0.003291416168212891,0.0006385168779097583,50.904522613065325,{'alpha': 50.904522613065325},-1.4671364900634032,-1.4851653837934673,-1.5787386904578231,-1.593493876425137,-1.1581976212113299,-1.8464135591966413,-1.6770972309296552,-1.5293453729918025,-1.65458343977503,-1.5646565790493168,-1.5554828243893604,0.1681040861288185,182
19,0.04687349796295166,0.006478821833788034,0.00409247875213623,0.0030388891041249724,50.95477386934673,{'alpha': 50.95477386934673},-1.4671377646720452,-1.485165245678196,-1.5787285795890893,-1.5934942129287475,-1.1581964361232369,-1.8464109327392655,-1.6771041042345152,-1.5293474761903876,-1.6545807513200468,-1.5646575524892092,-1.555482305596474,0.16810402959684795,181
20,0.04288434982299805,0.004013320960982019,0.0040223121643066405,0.002965711000056479,51.005025125628144,{'alpha': 51.005025125628144},-1.4671390393096821,-1.4851651072950753,-1.5787184753976355,-1.5934945465328199,-1.158195253027597,-1.8464083034424408,-1.677110989624061,-1.5293495825117742,-1.6545780620648616,-1.5646585258787638,-1.555481788508471,0.16810397301815536,180
21,0.043702316284179685,0.004996102510617924,0.003172421455383301,0.0006068980635172882,51.05527638190955,{'alpha': 51.05527638190955},-1.4671403139771035,-1.4851649686457213,-1.5787083778693582,-1.5934948772456192,-1.158194071919778,-1.846405671313853,-1.6771178870693515,-1.5293516919541368,-1.6545753720124574,-1.5646594992189995,-1.5554812731226377,0.16810391639323097,179
22,0.045955777168273926,0.006519450400484028,0.0032701730728149415,0.0011911792947386268,51.10552763819096,{'alpha': 51.10552763819096},-1.467141588675092,-1.485164829731741,-1.5786982869901949,-1.593495205075379,-1.1581928927951601,-1.846403036361162,-1.6771247965415346,-1.5293538045156403,-1.654572681165804,-1.5646604725109288,-1.5554807594362636,0.16810385972256423,178
23,0.048906493186950686,0.00837072343847638,0.002854728698730469,0.00046973705240923366,51.15577889447236,{'alpha': 51.15577889447236},-1.467142863404427,-1.4851646905547355,-1.5786882027461258,-1.5934955300303004,-1.158191715649142,-1.8464003985919992,-1.6771317180118517,-1.5293559201944409,-1.6545699895278598,-1.5646614457555597,-1.5554802474466443,0.16810380300664163,177
24,0.042387080192565915,0.0038683569824806054,0.003100299835205078,0.0002972090892440491,51.20603015075377,{'alpha': 51.20603015075377},-1.4671441381658803,-1.4851645511162952,-1.57867812512317,-1.5934958521185583,-1.1581905404771329,-1.8463977580139699,-1.6771386514516384,-1.5293580389886852,-1.6545672971015724,-1.564662418953895,-1.5554797371510798,0.16810374624595006,176
25,0.04428918361663818,0.0034306188282753874,0.0032832145690917967,0.0009005941859304439,51.256281407035175,{'alpha': 51.256281407035175},-1.4671454129602228,-1.4851644114180051,-1.5786680541073892,-1.5934961713482927,-1.1581893672745618,-1.8463951146346553,-1.6771455968323215,-1.5293601608965097,-1.6545646038898771,-1.5646633921069295,-1.5554792285468766,0.16810368944097367,175
26,0.04747295379638672,0.006326275972243847,0.0033023834228515627,0.0010926545968009062,51.30653266331658,{'alpha': 51.30653266331658},-1.4671466877882158,-1.485164271461441,-1.5786579896848816,-1.593496487727616,-1.1581881960368678,-1.8463924684616053,-1.6771525541254182,-1.5293622859160463,-1.6545619098956965,-1.5646643652156564,-1.5554787216313444,0.16810363259219557,174
27,0.04399216175079346,0.0040448760934078355,0.0031037330627441406,0.00030478299463673053,51.35678391959799,{'alpha': 51.35678391959799},-1.4671479626506183,-1.485164131248171,-1.5786479318417899,-1.5934968012646102,-1.1581870267595071,-1.8463898195023465,-1.6771595233025403,-1.529364414045409,-1.6545592151219426,-1.5646653382810591,-1.5554782164017993,0.1681035757000978,171
28,0.04575505256652832,0.007590382370485137,0.003426384925842285,0.0008733843622143942,51.4070351758794,{'alpha': 51.4070351758794},-1.4671492375481856,-1.485163990779756,-1.5786378805642953,-1.5934971119673265,-1.1581858594379504,-1.846387167764379,-1.6771665043353827,-1.5293665452827119,-1.6545565195715148,-1.5646663113041195,-1.5554777128555621,0.16810351876515986,167
29,0.045774197578430174,0.0028680525736136707,0.002995419502258301,2.4707815557667626e-05,51.45728643216081,{'alpha': 51.45728643216081},-1.467150512481665,-1.4851638500577489,-1.5786278358386185,-1.593497419843788,-1.1581846940676812,-1.8463845132551768,-1.6771734971957415,-1.5293686796260555,-1.6545538232473023,-1.564667284285812,-1.555477210989959,0.1681034617878616,164
30,0.04717485904693604,0.009377072781676397,0.004288387298583984,0.0020952827953237777,51.50753768844221,{'alpha': 51.50753768844221},-1.4671517874518025,-1.485163709083695,-1.5786177976510205,-1.5934977249019855,-1.1581835306441999,-1.846381855982189,-1.677180501855494,-1.5293708170735325,-1.654551126152182,-1.5646682572271056,-1.5554767108023206,0.16810340476868002,160
31,0.04139111042022705,0.0020439881097952363,0.0036996126174926756,0.0016085191121465994,51.55778894472362,{'alpha': 51.55778894472362},-1.4671530624593347,-1.4851635678591324,-1.578607765987801,-1.5934980271498824,-1.1581823691630193,-1.8463791959528342,-1.6771875182866114,-1.5293729576232273,-1.654548428289019,-1.5646692301289653,-1.5554762122899828,0.16810334770809096,157
32,0.0478039026260376,0.008583146719744868,0.0028603315353393556,0.000537590190544688,51.608040201005025,{'alpha': 51.608040201005025},-1.467154337504998,-1.4851634263855902,-1.5785977408353022,-1.5934983265954137,-1.1581812096196689,-1.8463765331745106,-1.6771945464611546,-1.5293751012732155,-1.6545457296606683,-1.5646702029923494,-1.5554757154502872,0.16810329060656923,153
33,0.04847209453582764,0.010239731442518862,0.0034368276596069337,0.0009055366599219955,51.65829145728643,{'alpha': 51.65829145728643},-1.467155612589522,-1.4851632846645917,-1.5785877221799018,-1.5934986232464812,-1.1581800520096883,-1.8463738676545882,-1.6772015863512686,-1.5293772480215635,-1.6545430302699722,-1.5646711758182124,-1.5554752202805788,0.16810323346458822,150
34,0.0464447021484375,0.003665217823785995,0.003612828254699707,0.0018427884223010955,51.70854271356784,{'alpha': 51.70854271356784},-1.4671568877136316,-1.4851631426976508,-1.5785777100080185,-1.5934989171109606,-1.1581788963286357,-1.8463711994004122,-1.6772086379291984,-1.5293793978663315,-1.654540330119762,-1.5646721486075006,-1.5554747267782103,0.16810317628262006,146
35,0.04424607753753662,0.004514593912577451,0.0031861305236816407,0.0006004548148501425,51.75879396984924,{'alpha': 51.75879396984924},-1.4671581628780475,-1.485163000486276,-1.5785677043061102,-1.5934992081966983,-1.1581777425720816,-1.8463685284193012,-1.677215701167263,-1.5293815508055684,-1.6545376292128577,-1.56467312136116,-1.5554742349405362,0.16810311906113462,142
36,0.0436875581741333,0.00329936296034418,0.0029877185821533202,0.0006306401376551638,51.80904522613066,{'alpha': 51.80904522613066},-1.4671594380834845,-1.4851628580319676,-1.5785577050606736,-1.5934994965115117,-1.15817659073561,-1.8463658547185495,-1.6772227760378773,-1.529383706837316,-1.6545349275520695,-1.564674094080127,-1.5554737447649185,0.16810306180060136,138
37,0.043487024307250974,0.005227756837971526,0.0029886245727539064,0.0006301906997094696,51.85929648241206,{'alpha': 51.85929648241206},-1.467160713330655,-1.4851627153362166,-1.578547712258244,-1.5934997820631889,-1.1581754408148197,-1.8463631783054264,-1.6772298625135436,-1.529385865959609,-1.6545322251401946,-1.5646750667653344,-1.555473256248723,0.16810300450148816,135
38,0.04244263172149658,0.0036124570926119974,0.0029687881469726562,0.000566538734089627,51.90954773869347,{'alpha': 51.90954773869347},-1.4671619886202643,-1.4851625724005102,-1.5785377258853956,-1.5935000648594897,-1.1581742928053247,-1.846360499187175,-1.6772369605668507,-1.5293880281704735,-1.6545295219800196,-1.5646760394177106,-1.5554727693893216,0.168102947164261,131
39,0.04345028400421143,0.0048109128179106495,0.0028206348419189454,0.0003017297131956661,51.959798994974875,{'alpha': 51.959798994974875},-1.467163263953015,-1.4851624292263255,-1.578527745928742,-1.5935003449081449,-1.1581731467027494,-1.8463578173710156,-1.677244070170473,-1.529390193467926,-1.6545268180743202,-1.5646770120381774,-1.555472284184089,0.1681028897893856,127
40,0.044150257110595705,0.004010355020533002,0.0036343812942504885,0.001480900289130615,52.01005025125628,{'alpha': 52.01005025125628},-1.467164539329605,-1.4851622858151332,-1.5785177723749322,-1.5935006222168582,-1.1581720025027356,-1.846355132864139,-1.6772511912971722,-1.529392361849977,-1.654524113425861,-1.5646779846276537,-1.5554718006304067,0.16810283237732476,123
41,0.04371843338012695,0.006974087379157776,0.0027890443801879884,0.00040361638175173334,52.06030150753769,{'alpha': 52.06030150753769},-1.4671658147507267,-1.4851621421683976,-1.578507805210657,-1.5935008967933049,-1.158170860200938,-1.8463524456737153,-1.6772583239197967,-1.5293945333146286,-1.6545214080373971,-1.5646789571870503,-1.5554713187256612,0.16810277492854103,119
42,0.044315004348754884,0.006724709444250964,0.002924466133117676,0.0004864125662983684,52.11055276381909,{'alpha': 52.11055276381909},-1.4671670902170675,-1.4851619982875737,-1.5784978444226438,-1.5935011686451304,-1.158169719793024,-1.8463497558068906,-1.6772654680112806,-1.5293967078598745,-1.6545187019116698,-1.5646799297172769,-1.5554708384672433,0.16810271744349584,115
43,0.048169279098510744,0.008717948377835912,0.00299375057220459,0.0004461514206354965,52.1608040201005,{'alpha': 52.1608040201005},-1.4671683657293122,-1.4851618541741118,-1.5784878899976575,-1.593501437779955,-1.158168581274676,-1.8463470632707828,-1.6772726235446436,-1.5293988854837022,-1.654515995051412,-1.5646809022192334,-1.5554703598525488,0.1681026599226483,111
44,0.04481191635131836,0.003727560757999559,0.0035890579223632813,0.001492532724418398,52.21105527638191,{'alpha': 52.21105527638191},-1.4671696412881403,-1.4851617098294536,-1.5784779419225006,-1.5935017042053692,-1.1581674446415884,-1.8463443680724876,-1.6772797904929864,-1.5294010661840889,-1.6545132874593456,-1.5646818746938196,-1.555469882878978,0.16810260236645683,106
45,0.04339594841003418,0.0047869520030832885,0.003079533576965332,0.000952088302311273,52.26130653266332,{'alpha': 52.26130653266332},-1.467170916894227,-1.485161565255033,-1.5784680001840143,-1.5935019679289355,-1.1581663098894701,-1.8463416702190747,-1.6772869688295033,-1.5294032499590053,-1.6545105791381804,-1.5646828471419265,-1.555469407543937,0.1681025447753786,102
46,0.0434669017791748,0.0026226766884109537,0.003283262252807617,0.0007837389805348152,52.311557788944725,{'alpha': 52.311557788944725},-1.4671721925482413,-1.485161420452279,-1.5784580647690771,-1.5935022289581897,-1.158165177014045,-1.8463389697175916,-1.6772941585274654,-1.5294054368064178,-1.6545078700906157,-1.5646838195644432,-1.5554689338448366,0.16810248714986872,98
47,0.042320656776428225,0.0033807178356718187,0.003855586051940918,0.0020828517506893,52.36180904522613,{'alpha': 52.36180904522613},-1.4671734682508517,-1.4851612754226127,-1.5784481356646047,-1.5935024873006407,-1.1581640460110485,-1.8463362665750607,-1.6773013595602306,-1.5294076267242813,-1.6545051603193426,-1.5646847919622513,-1.5554684617790924,0.16810242949038184,93
48,0.043703460693359376,0.00334512298161447,0.003071761131286621,0.0007080423721541212,52.41206030150754,{'alpha': 52.41206030150754},-1.4671747440027194,-1.485161130167447,-1.5784382128575496,-1.59350274296377,-1.15816291687623,-1.8463335607984812,-1.6773085719012384,-1.5294098197105452,-1.6545024498270384,-1.5646857643362289,-1.5554679913441247,0.1681023717973709,88
49,0.04603297710418701,0.005598272052083412,0.0035902023315429687,0.0017388253258029103,52.462311557788944,{'alpha': 52.462311557788944},-1.4671760198045005,-1.4851609846881892,-1.5784282963349028,-1.5935029959550289,-1.1581617896053518,-1.8463308523948252,-1.6773157955240157,-1.529412015763149,-1.6544997386163713,-1.5646867366872494,-1.5554675225373584,0.16810231407128737,84
50,0.04459471702575683,0.007715497407603252,0.0028615713119506834,0.00047753116707523115,52.51256281407035,{'alpha': 52.51256281407035},-1.4671772956568494,-1.4851608389862399,-1.5784183860836902,-1.5935032462818461,-1.1581606641941906,-1.8463281413710453,-1.6773230304021716,-1.5294142148800298,-1.6544970266899988,-1.5646877090161817,-1.5554670553562244,0.16810225631258197,79
51,0.04460511207580566,0.009299512931618575,0.0029267072677612305,0.0004809688884239368,52.562814070351756,{'alpha': 52.562814070351756},-1.4671785715604155,-1.4851606930629908,-1.5784084820909776,-1.5935034939516204,-1.1581595406385357,-1.8463254277340666,-1.6773302765093938,-1.5294164170591156,-1.6544943140505686,-1.5646886813238878,-1.5554665897981572,0.16810219852170324,73
52,0.04423930644989014,0.007324219959516288,0.0032113313674926756,0.0013945405717189967,52.61306532663317,{'alpha': 52.61306532663317},-1.4671798475158428,-1.4851605469198308,-1.5783985843438635,-1.5935037389717248,-1.158158418934189,-1.8463227114907934,-1.6773375338194572,-1.529418622298325,-1.6544916007007173,-1.5646896536112278,-1.555466125860597,0.16810214069909937,68
53,0.04188783168792724,0.0036507878584554295,0.0028926849365234373,0.0009402272667165319,52.663316582914575,{'alpha': 52.663316582914575},-1.4671811235237717,-1.4851604005581363,-1.5783886928294868,-1.593503981349506,-1.1581572990769673,-1.8463199926481038,-1.6773448023062176,-1.5294208305955717,-1.6544888866430703,-1.5646906258790545,-1.5554656635409887,0.1681020828452165,62
54,0.04398500919342041,0.0074804066838118745,0.002991175651550293,0.0004458676225431789,52.71356783919598,{'alpha': 52.71356783919598},-1.4671823995848388,-1.4851602539792828,-1.57837880753502,-1.593504221092282,-1.1581561810626992,-1.8463172712128544,-1.67735208194361,-1.529423041948762,-1.6544861718802462,-1.5646915981282188,-1.5554652028367815,0.16810202496049978,57
55,0.040991687774658205,0.005451371841069445,0.002791166305541992,0.0005986438804417838,52.76381909547739,{'alpha': 52.76381909547739},-1.4671836756996761,-1.485160107184635,-1.5783689284476745,-1.593504458207346,-1.1581550648872263,-1.8463156074111051,-1.6773593727056553,-1.5294252563557966,-1.654483456414848,-1.5646925703595638,-1.5554648497673527,0.168102150484586,52
56,0.0478919506072998,0.0064779686081681675,0.003431963920593262,0.0013993322830866922,52.814070351758794,{'alpha': 52.814070351758794},-1.4671849518689115,-1.485159960175552,-1.5783590555546958,-1.5935046927019663,-1.1581539505464036,-1.8463144114409675,-1.6773666745664513,-1.5294274738145675,-1.6544807402494723,-1.5646935425739295,-1.5554645453492915,0.16810235736654802,47
57,0.042284250259399414,0.0022439676397334823,0.0027450084686279296,0.0003876857384279441,52.8643216080402,{'alpha': 52.8643216080402},-1.467186228093169,-1.4851598129533876,-1.578349188843366,-1.5935049245833819,-1.1581528380360984,-1.8463132126220736,-1.6773739875001776,-1.529429694322961,-1.6544780233867051,-1.5646945147721516,-1.5554642425113472,0.16810256416802014,42
58,0.0431157112121582,0.005109397295343502,0.0027073383331298827,0.0005167196003869523,52.914572864321606,{'alpha': 52.914572864321606},-1.467187504373068,-1.4851596655194867,-1.5783393283010037,-1.5935051538588068,-1.1581517273521922,-1.8463120109618347,-1.677381311481097,-1.5294319178788582,-1.6544753058291215,-1.5646954869550613,-1.5554639412510531,0.16810277088954387,37
59,0.042335009574890135,0.004290372043985289,0.003665590286254883,0.0026115726176027462,52.96482412060301,{'alpha': 52.96482412060301},-1.4671887807092248,-1.4851595178751889,-1.5783294739149636,-1.5935053805354304,-1.1581506184905794,-1.8463108064676386,-1.6773886464835495,-1.5294341444801303,-1.6544725875792858,-1.5646964591234835,-1.5554636415659475,0.16810297753165915,31
60,0.04314961433410645,0.0037481439637515926,0.0036078691482543945,0.00214426675430174,53.015075376884425,{'alpha': 53.015075376884425},-1.4671900571022496,-1.4851593700218282,-1.5783196256726346,-1.5935056046204146,-1.1581495114471634,-1.846309599146846,-1.6773959924819561,-1.5294363741246446,-1.6544698686397543,-1.5646974312782413,-1.5554633434535732,0.16810318409490507,25
61,0.04414975643157959,0.004179304662891261,0.0029034852981567384,0.0005232975680008374,53.06532663316583,{'alpha': 53.06532663316583},-1.4671917251613087,-1.4851592219607304,-1.5783097835614428,-1.5935058261208945,-1.1581484062178662,-1.8463083890067946,-1.6774033494508165,-1.5294386068102626,-1.6544671490130722,-1.5646984034201497,-1.5554630860723335,0.16810337001634712,18
62,0.041899824142456056,0.004044003265048168,0.0030783653259277345,0.0003052323296428753,53.11557788944724,{'alpha': 53.11557788944724},-1.4671945507856534,-1.4851590736932148,-1.5782999475688486,-1.5935060450439835,-1.1581473027986184,-1.8463071760547953,-1.6774107173647104,-1.5294408425348336,-1.6544644287017742,-1.5646993755500225,-1.5554629460096454,0.16810349508169625,14
63,0.04454076290130615,0.007510320436872962,0.002940821647644043,0.00044525236230842945,53.165829145728644,{'alpha': 53.165829145728644},-1.4671973761774377,-1.4851589252205961,-1.5782901176823476,-1.5935062613967652,-1.1581462011853638,-1.8463059602981364,-1.6774180961982967,-1.52944308129621,-1.6544617077083856,-1.564700347668667,-1.5554628074832206,0.16810362008941185,10
64,0.04388880729675293,0.003703883313156632,0.003198051452636719,0.0004048036618424076,53.21608040201005,{'alpha': 53.21608040201005},-1.4672002013378862,-1.48515877654418,-1.578280293889472,-1.593506475186299,-1.1581451013740607,-1.8463047417440797,-1.6774254859263127,-1.5294453230922314,-1.6544589860354233,-1.564701319776887,-1.5554626704906833,0.16810374503998685,4
65,0.04557898044586182,0.0075835404860775885,0.003016829490661621,0.0008781079474114856,53.266331658291456,{'alpha': 53.266331658291456},-1.4672030262682176,-1.4851586276652684,-1.5782704761777882,-1.5935066864196221,-1.1581440033606778,-1.8463035203998654,-1.677432886523572,-1.5294475679207327,-1.6544562636853914,-1.5647028925928708,-1.5554625951014007,0.16810387323582718,1
66,0.04557781219482422,0.0062609384731854255,0.003091573715209961,0.0010420243821502079,53.31658291457286,{'alpha': 53.31658291457286},-1.467205850969644,-1.4851584785851553,-1.5782606645348953,-1.5935068951037412,-1.158142907141197,-1.8463022962727065,-1.6774402979649696,-1.5294498157795438,-1.6544535406607859,-1.5647054596083771,-1.5554626206621016,0.16810400684266524,2
67,0.04537863731384277,0.004971664559169305,0.004189014434814453,0.0029528424581583804,53.36683417085427,{'alpha': 53.36683417085427},-1.4672086754433717,-1.4851583293051274,-1.5782508589484314,-1.5935071012456412,-1.1581418127116134,-1.8463010693697903,-1.6774477202254745,-1.529452066666485,-1.6544508169640941,-1.5647080263514963,-1.5554626477231526,0.16810414039582344,3
68,0.04623615741729736,0.005228328138446859,0.0034000635147094726,0.0006707194793720144,53.41708542713568,{'alpha': 53.41708542713568},-1.467211499690601,-1.485158179826469,-1.5782410594060674,-1.5935073048522832,-1.1581407200679337,-1.846299839698284,-1.6774551532801365,-1.5294543205793774,-1.6544480925977922,-1.564710592823519,-1.5554626762822465,0.16810427389578675,5
69,0.045477437973022464,0.004140255050439121,0.0032919883728027345,0.0014826793076244882,53.46733668341709,{'alpha': 53.46733668341709},-1.4672143237125281,-1.4851580301504526,-1.5782312658955067,-1.5935075059305983,-1.1581396292061765,-1.8462986072653287,-1.6774625971040806,-1.5294565775160285,-1.6544453675643462,-1.5647131590257273,-1.5554627063370772,0.16810440734303853,6
70,0.04491658210754394,0.009479454382438175,0.003691840171813965,0.0024848176179328857,53.517587939698494,{'alpha': 53.517587939698494},-1.4672171475103417,-1.4851578802783498,-1.57822147840449,-1.5935077044874988,-1.1581385401223734,-1.8462973720780402,-1.6774700516725087,-1.529458837474247,-1.6544426418662153,-1.5647157249594013,-1.5554627378853465,0.1681045407380604,7
71,0.042192625999450686,0.005315122745071176,0.0035846948623657225,0.0017971877965678605,53.5678391959799,{'alpha': 53.5678391959799},-1.4672199710852234,-1.4851577302114223,-1.5782116969207907,-1.5935079005298682,-1.158137452812568,-1.8462961341435147,-1.6774775169606984,-1.5294611004518301,-1.6544399155058447,-1.5647182906258126,-1.5554627709247575,0.16810467408133314,8
72,0.04480555057525635,0.0075300388972704465,0.0031781435012817384,0.0010019466534894846,53.618090452261306,{'alpha': 53.618090452261306},-1.467222794438353,-1.4851575799509276,-1.578201921432218,-1.5935080940645683,-1.1581363672728162,-1.846294893468818,-1.6774849929440034,-1.529463366446572,-1.6544371884856752,-1.5647208560262282,-1.555462805453018,0.16810480737333533,9
73,0.04467623233795166,0.006275788720559069,0.0033931493759155273,0.0004867777182352484,53.66834170854271,{'alpha': 53.66834170854271},-1.4672256175709013,-1.4851574294981158,-1.5781921519266138,-1.593508285098434,-1.1581352834991872,-1.8462936500609974,-1.6774924795978567,-1.5294656354562617,-1.6544344608081347,-1.5647234211619092,-1.555462841467841,0.16810494061454465,11
74,0.042300081253051756,0.003535026815094662,0.0034158945083618162,0.00097571986608051,53.71859296482412,{'alpha': 53.71859296482412},-1.4672284404840343,-1.4851572788542315,-1.578182388391853,-1.5935084736382765,-1.1581342014877587,-1.8462924039270758,-1.6774999768977619,-1.5294679074786814,-1.6544317324756421,-1.5647259860341118,-1.5554628789669427,0.16810507380543777,12
75,0.04318468570709229,0.004064299403361664,0.0028017282485961912,0.0006016995906111378,53.768844221105525,{'alpha': 53.768844221105525},-1.4672312631789133,-1.4851571280205145,-1.5781726308158472,-1.5935086596908838,-1.1581331212346246,-1.8462911550740522,-1.6775074848193015,-1.5294701825116077,-1.654429003490609,-1.5647285506440856,-1.5554629179480437,0.16810520694648942,13
76,0.04517896175384521,0.004700491649835208,0.004044365882873535,0.003325618713161146,53.81909547738694,{'alpha': 53.81909547738694},-1.4672340856566923,-1.4851569769981967,-1.5781628791865387,-1.5935088432630196,-1.1581320427358888,-1.8462899035088989,-1.67751500333813,-1.5294724605528138,-1.6544262738554332,-1.5647311149930743,-1.5554629584088686,0.16810534003817237,15
77,0.04489302635192871,0.005776114105744968,0.0034775495529174804,0.001908351329011053,53.869346733668344,{'alpha': 53.869346733668344},-1.467236907918522,-1.485156825788504,-1.5781531334919052,-1.5935090243614227,-1.1581309659876666,-1.8462886492385702,-1.6775225324299814,-1.5294747416000642,-1.654423543572509,-1.5647336790823179,-1.5554630003471464,0.16810547308095958,16
78,0.042306709289550784,0.002365749017222245,0.0026746749877929687,0.0006304152621674948,53.91959798994975,{'alpha': 53.91959798994975},-1.4672397299655446,-1.4851566743926576,-1.5781433937199572,-1.5935092029928077,-1.1581298909860873,-1.8462873922699954,-1.6775300720706554,-1.52947702565112,-1.6544208126442175,-1.5647362429130485,-1.555463043760609,0.16810560607532124,17
79,0.04039247035980224,0.002196423550751755,0.0028255462646484377,0.0008408869078660455,53.969849246231156,{'alpha': 53.969849246231156},-1.4672425517989003,-1.4851565228118724,-1.5781336598587392,-1.5935093791638686,-1.1581288177272893,-1.846286132610078,-1.6775376222360348,-1.5294793127037387,-1.6544180810729305,-1.5647388064864944,-1.5554630886469947,0.1681057390217267,19
80,0.047074317932128906,0.007773391902991618,0.003091716766357422,0.0002995665870611235,54.02010050251256,{'alpha': 54.02010050251256},-1.4672453734197206,-1.485156371047356,-1.5781239318963276,-1.5935095528812706,-1.1581277462074246,-1.846284870265702,-1.6775451829020733,-1.5294816027556677,-1.6544153488610138,-1.5647413698038772,-1.5554631350040435,0.16810587192064436,20
81,0.04091324806213379,0.0035908538835832922,0.00376744270324707,0.0017273355626027836,54.07035175879397,{'alpha': 54.07035175879397},-1.4672481948291332,-1.4851562191003125,-1.5781142098208332,-1.5935097241516591,-1.1581266764226568,-1.846283605243726,-1.6775527540447945,-1.5294838958046555,-1.6544126160108212,-1.5647439328664146,-1.555463182829501,0.16810600477254026,21
82,0.04357237815856933,0.003922817747489416,0.0035904884338378907,0.002193433844976662,54.120603015075375,{'alpha': 54.120603015075375},-1.46725101602826,-1.4851560669719388,-1.5781044936203996,-1.5935098929816547,-1.1581256083691618,-1.8462823375509876,-1.677560335640299,-1.5294861918484404,-1.6544098825246978,-1.5647464956753163,-1.5554632321211155,0.1681061375778797,22
83,0.04448084831237793,0.004575114349725559,0.0026933908462524413,0.00045699200371592175,54.17085427135679,{'alpha': 54.17085427135679},-1.4672538370182178,-1.4851559146634252,-1.5780947832832022,-1.5935100593778544,-1.1581245420431254,-1.8462810671943009,-1.6775679276647595,-1.5294884908847564,-1.654407148404981,-1.5647490582317902,-1.5554632828766413,0.1681062703371268,23
84,0.04258663654327392,0.0052782497561350995,0.0030436038970947264,0.0008459512830158238,54.221105527638194,{'alpha': 54.221105527638194},-1.4672566578001174,-1.4851557621759575,-1.5780850787974505,-1.593510223346833,-1.158123477440746,-1.846279794180457,-1.6775755300944224,-1.5294907929113353,-1.654404413653998,-1.5647516205370358,-1.5554633350938354,0.16810640305074423,24
85,0.047533726692199706,0.005003172842072846,0.0028154850006103516,0.0003364966545642252,54.2713567839196,{'alpha': 54.2713567839196},-1.4672594783750645,-1.485155609510715,-1.5780753801513854,-1.5935103848951402,-1.1581224145582338,-1.8462785185162236,-1.6775831429056023,-1.529493097925903,-1.654401678274066,-1.564754182592247,-1.555463388770458,0.16810653571919254,26
86,0.04451456069946289,0.005135934163898405,0.002793574333190918,0.0004374003554527108,54.321608040201006,{'alpha': 54.321608040201006},-1.4672622987441601,-1.4851554566688727,-1.578065687333282,-1.593510544029306,-1.1581213533918102,-1.8462772402083496,-1.6775907660746912,-1.5294954059261776,-1.654398942267497,-1.564756744398616,-1.555463443904276,0.1681066683429324,27
87,0.04722452163696289,0.004441378448858652,0.0036432027816772463,0.0021858398359393314,54.37185929648241,{'alpha': 54.37185929648241},-1.4672651189084989,-1.4851553036515976,-1.5780560003314459,-1.5935107007558327,-1.1581202939377073,-1.846275959263558,-1.6775983995781492,-1.5294977169098758,-1.65439620563659,-1.5647593059573253,-1.5554635004930581,0.16810680092242214,28
88,0.0432429313659668,0.0040776981997460065,0.0028921127319335937,0.0002991679750658828,54.42211055276382,{'alpha': 54.42211055276382},-1.4672679388691696,-1.4851551504600524,-1.5780463191342153,-1.593510855081204,-1.1581192361921717,-1.8462746756885495,-1.6776060433925095,-1.5295000308747075,-1.6543934683836374,-1.5647618672695554,-1.5554635585345773,0.16810693345811845,29
89,0.044118952751159665,0.00523267417282952,0.003316235542297363,0.0008929552192825928,54.472361809045225,{'alpha': 54.472361809045225},-1.467270758627259,-1.4851549970953943,-1.578036643729963,-1.5935110070118774,-1.158118180151457,-1.8462733894900059,-1.677613697494376,-1.5295023478183796,-1.6543907305109222,-1.5647644283364788,-1.5554636180266113,0.16810706595047792,30
90,0.04283404350280762,0.0052327878317817425,0.00354311466217041,0.002841050953748038,54.52261306532663,{'alpha': 54.52261306532663},-1.467273578183846,-1.4851548435587751,-1.5780269741070911,-1.593511156554291,-1.158117125811833,-1.8462721006745824,-1.6776213618604245,-1.5295046677385928,-1.6543879920207196,-1.564766989159265,-1.555463678966942,0.16810719839995428,32
91,0.04278750419616699,0.004515216267994152,0.0034092426300048827,0.0006527137868516766,54.57286432160804,{'alpha': 54.57286432160804},-1.4672763975400036,-1.4851546898513388,-1.5780173102540342,-1.593511303714858,-1.1581160731695745,-1.846270809248915,-1.6776290364673998,-1.5295069906330439,-1.6543852529152936,-1.5647695497390781,-1.5554637413533539,0.1681073308070016,33
92,0.04318854808807373,0.0034428213708673576,0.0027927398681640626,0.0005981213142580916,54.62311557788945,{'alpha': 54.62311557788945},-1.4672792166968014,-1.4851545359742269,-1.5780076521592594,-1.5935114484999695,-1.158115022220974,-1.8462695152196191,-1.6776367212921184,-1.5295093164994253,-1.6543825131969023,-1.5647721100770755,-1.5554638051836371,0.16810746317207156,34
93,0.0469862699508667,0.008611417587700818,0.002991652488708496,0.0007722943619569441,54.67336683417086,{'alpha': 54.67336683417086},-1.4672820356553034,-1.4851543819285735,-1.5779979998112652,-1.5935115909159951,-1.1581139729623313,-1.846268218593285,-1.677644416311466,-1.5295116453354243,-1.6543797728677934,-1.5647746701744107,-1.5554638704555848,0.16810759549561471,35
94,0.041670703887939455,0.0017652919814543499,0.003317904472351074,0.0010473988198405268,54.72361809045226,{'alpha': 54.72361809045226},-1.467284854416568,-1.485154227715508,-1.577988353198582,-1.5935117309692806,-1.1581129253899594,-1.8462669193764822,-1.6776521215024003,-1.5295139771387238,-1.6543770319302067,-1.564777230032232,-1.5554639371669945,0.16810772777808022,36
95,0.046232986450195315,0.003609285856434679,0.0027928590774536134,0.00039894768919581503,54.77386934673367,{'alpha': 54.77386934673367},-1.4672876729816495,-1.4851540733361535,-1.5779787123097708,-1.5935118686661518,-1.1581118795001815,-1.8462656175757604,-1.6776598368419446,-1.529516311907004,-1.6543742903863734,-1.5647797896516813,-1.5554640053156672,0.16810786001991623,38
96,0.04158802032470703,0.0029600703113365685,0.003092193603515625,0.0005369653605228987,54.824120603015075,{'alpha': 54.824120603015075},-1.4672904913515965,-1.4851539187916283,-1.577969077133425,-1.5935120040129094,-1.1581108352893301,-1.8462643131976462,-1.6776675623071975,-1.5295186496379376,-1.6543715482385162,-1.5647823490338963,-1.5554640748994084,0.16810799222157005,39
97,0.04337964057922363,0.003775793208291434,0.004178404808044434,0.002992247251821013,54.87437185929648,{'alpha': 54.87437185929648},-1.4672933095274516,-1.485153764083045,-1.5779594476581698,-1.5935121370158356,-1.1581097927537525,-1.8462630062486443,-1.6776752978753202,-1.5295209903291958,-1.6543688054888475,-1.5647849081800114,-1.5554641459160272,0.1681081243834865,40
98,0.04668560028076172,0.005044213911076281,0.0033702611923217773,0.0019070250011598965,54.92462311557789,{'alpha': 54.92462311557789},-1.4672961275102534,-1.4851536092115116,-1.5779498238726595,-1.593512267681188,-1.158108751889805,-1.8462616967352394,-1.677683043523545,-1.529523333978445,-1.6543660621395748,-1.5647874670911528,-1.5554642183633374,0.16810825650610978,41
99,0.04685218334197998,0.003566069920632872,0.0026546001434326174,0.0006959636292708062,54.9748743718593,{'alpha': 54.9748743718593},-1.467298945301036,-1.4851534541781295,-1.5779402057655805,-1.5935123960152027,-1.158107712693854,-1.8462603846638947,-1.6776907992291774,-1.5295256805833464,-1.654363318192895,-1.5647900257684433,-1.5554642922391557,0.16810838858988345,43
100,0.04585683345794678,0.005909009134568221,0.0036889791488647463,0.0014124770546370244,55.02512562814071,{'alpha': 55.02512562814071},-1.4673017629008276,-1.4851532989839953,-1.5779305933256522,-1.593512522024095,-1.1581066751622788,-1.8462590700410513,-1.6776985649695821,-1.5295280301415568,-1.6543605736509959,-1.564792584213001,-1.5554643675413036,0.16810852063524837,44
101,0.0457667350769043,0.004565115136160283,0.003422117233276367,0.0022679709371405234,55.07537688442211,{'alpha': 55.07537688442211},-1.4673045803106521,-1.4851531436302006,-1.5779209865416208,-1.5935126457140592,-1.1581056392914668,-1.8462577528731283,-1.6777063407222024,-1.529530382650732,-1.6543578285160587,-1.564795142425938,-1.555464444267606,0.16810865264264563,45
102,0.044676804542541505,0.004652965660635077,0.0037819623947143556,0.0030861455109634584,55.12562814070352,{'alpha': 55.12562814070352},-1.4673073975315285,-1.4851529881178311,-1.5779113854022675,-1.5935127670912657,-1.1581046050778205,-1.846256433166527,-1.6777141264645377,-1.5295327381085186,-1.6543550827902547,-1.5647977004083629,-1.5554645224158916,0.1681087846125135,46
103,0.046375584602355954,0.004870630862804356,0.003491115570068359,0.0025718511896357034,55.175879396984925,{'alpha': 55.175879396984925},-1.46731021456447,-1.4851528324479684,-1.5779017898964003,-1.5935128861618653,-1.1581035725177484,-1.8462551109276255,-1.677721922174165,-1.5295350965125643,-1.6543523364757475,-1.5648002581613782,-1.5554646019839935,0.16810891654529064,48
104,0.04301941394805908,0.005399668211586469,0.0026879310607910156,0.0006183261352522755,55.22613065326633,{'alpha': 55.22613065326633},-1.467313031410486,-1.485152676621687,-1.5778922000128606,-1.5935130029319873,-1.158102541607674,-1.846253786162781,-1.6777297278287246,-1.5295374578605103,-1.6543495895746942,-1.5648028156860816,-1.5554646829697485,0.1681090484414132,49
105,0.04109067916870117,0.0019334354767982225,0.002902674674987793,0.0005399848920420731,55.27638190954774,{'alpha': 55.27638190954774},-1.4673158480705801,-1.4851525206400578,-1.577882615740519,-1.5935131174077386,-1.158101512344027,-1.8462524588783307,-1.6777375434059223,-1.529539822149994,-1.6543468420892409,-1.5648053729835663,-1.5554647653709979,0.16810918030131702,50
106,0.04576628208160401,0.00490733655955639,0.003490924835205078,0.002196320056693274,55.32663316582914,{'alpha': 55.32663316582914},-1.4673186645457517,-1.4851523645041456,-1.5778730370682759,-1.5935132295952066,-1.1581004847232528,-1.8462511290805903,-1.6777453688835322,-1.5295421893786496,-1.6543440940215268,-1.5648079300549202,-1.5554648491855851,0.16810931212543562,51
107,0.042195701599121095,0.004012137980310574,0.003204631805419922,0.0008777512979102238,55.37688442211055,{'alpha': 55.37688442211055},-1.467321480836995,-1.4851522082150115,-1.577863463985064,-1.5935133395004568,-1.1580994587418039,-1.8462497967758553,-1.677753204239394,-1.5295445595441077,-1.6543413453736835,-1.564810486901227,-1.55546493441136,0.16810944391420196,53
108,0.045534825325012206,0.005063257852298968,0.0030369281768798826,0.0005973681558605899,55.42713567839196,{'alpha': 55.42713567839196},-1.4673242969453006,-1.485152051773709,-1.5778538964798434,-1.593513447129533,-1.1580984343961436,-1.8462484619704018,-1.6777610494514168,-1.5295469326439932,-1.6543385961478334,-1.5648130435235645,-1.5554650210461738,0.16810957566804832,54
109,0.04355933666229248,0.004605581047675687,0.0031914472579956054,0.00039954252709066876,55.47738693467337,{'alpha': 55.47738693467337},-1.4673271128716519,-1.4851518951812892,-1.5778443345416062,-1.5935135524884587,-1.1580974116827476,-1.8462471246704828,-1.67776890449757,-1.5295493086759295,-1.6543358463460915,-1.564815599923008,-1.5554651090878837,0.1681097073874043,55
110,0.048171472549438474,0.008439421301853246,0.0028920412063598634,0.0005369059933219812,55.527638190954775,{'alpha': 55.527638190954775},-1.4673299286170305,-1.485151738438795,-1.5778347781593731,-1.5935136555832374,-1.1580963905981008,-1.8462457848823335,-1.6777767693558936,-1.5295516876375368,-1.654333095970565,-1.5648181561006245,-1.555465198534349,0.16810983907269952,56
111,0.04338171482086182,0.0035005976578942333,0.0032602787017822266,0.0007930213478268643,55.57788944723618,{'alpha': 55.57788944723618},-1.4673327441824118,-1.4851515815472678,-1.577825227322196,-1.5935137564198512,-1.1580953711386979,-1.846244442612168,-1.6777846440044917,-1.5295540695264287,-1.6543303450233522,-1.5648207120574802,-1.5554652893834346,0.16810997072436207,58
112,0.044979977607727054,0.006592000408137902,0.0032920360565185545,0.0010022433533940344,55.62814070351759,{'alpha': 55.62814070351759},-1.4673355595687665,-1.4851514245077422,-1.5778156820191551,-1.5935138550042602,-1.1580943533010466,-1.8462430978661801,-1.6777925284215327,-1.5295564543402187,-1.6543275935065438,-1.5648232677946332,-1.555465381633008,0.16811010234281826,59
113,0.04307076930999756,0.003860982060892099,0.0032041311264038087,0.001640744838468528,55.678391959798994,{'alpha': 55.678391959798994},-1.4673383747770603,-1.4851512673212461,-1.5778061422393614,-1.593513951342408,-1.1580933370816615,-1.8462417506505429,-1.677800422585249,-1.5295588420765143,-1.6543248414222236,-1.564825823313139,-1.5554654752809407,0.168110233928494,60
114,0.04357006549835205,0.0036474598093184742,0.002673435211181641,0.001188829713634043,55.7286432160804,{'alpha': 55.7286432160804},-1.467341189808255,-1.4851511099888066,-1.5777966079719536,-1.5935140454402115,-1.158092322477071,-1.8462404009714106,-1.6778083264739425,-1.5295612327329204,-1.6543220887724666,-1.5648283786140469,-1.5554655703251083,0.16811036548181346,61
115,0.04644541740417481,0.008081624422993327,0.0035899877548217773,0.0022386555434481506,55.77889447236181,{'alpha': 55.77889447236181},-1.4673440046633075,-1.4851509525114421,-1.5777870792061026,-1.5935141373035724,-1.158091309483811,-1.8462390488349172,-1.6778162400659735,-1.529563626307039,-1.6543193355593395,-1.564830933698404,-1.5554656667633908,0.1681104970031998,63
116,0.044402122497558594,0.009299682803480081,0.003177380561828613,0.000571676899558902,55.82914572864322,{'alpha': 55.82914572864322},-1.46734681934317,-1.4851507948901677,-1.577777555931006,-1.5935142269383715,-1.1580902980984287,-1.8462376942471752,-1.6778241633397706,-1.5295660227964687,-1.6543165817849015,-1.5648334885672504,-1.555465764593671,0.16811062849307495,64
117,0.05186142921447754,0.015417171543228634,0.0048793315887451175,0.0035564569125348814,55.879396984924625,{'alpha': 55.879396984924625},-1.4673496338487915,-1.4851506371259933,-1.5777680381358918,-1.5935143143504664,-1.1580892883174831,-1.8462363372142794,-1.6778320962738231,-1.5295684221988033,-1.654313827451205,-1.5648360432216226,-1.555465863813836,0.16811075995185912,65
118,0.04420506954193115,0.004851529210334094,0.0033609628677368163,0.0007800645765730315,55.92964824120603,{'alpha': 55.92964824120603},-1.4673524481811133,-1.485150479219923,-1.5777585258100164,-1.5935143995456984,-1.15808828013754,-1.8462349777423055,-1.677840038846688,-1.5295708245116348,-1.6543110725602936,-1.5648385976625516,-1.5554659644217765,0.16811089137997293,66
119,0.04674997329711914,0.006554406664342492,0.0029169321060180664,0.0006692372758728405,55.97989949748744,{'alpha': 55.97989949748744},-1.4673552623410753,-1.4851503211729589,-1.5777490189426666,-1.593514482529886,-1.1580872735551784,-1.8462336158373058,-1.6778479910369841,-1.5295732297325522,-1.6543083171142028,-1.5648411518910643,-1.5554660664153874,0.1681110227778338,67
120,0.04367151260375977,0.004011682263553307,0.0032489538192749024,0.0010108618823696453,56.030150753768844,{'alpha': 56.030150753768844},-1.4673580763296108,-1.4851501629860953,-1.577739517523156,-1.5935145633088288,-1.1580862685669864,-1.8462322515053167,-1.6778559528233925,-1.52957563785914,-1.654305561114962,-1.5648437059081837,-1.5554661697925671,0.16811115414585912,69
121,0.04188361167907715,0.002230229157181107,0.003168964385986328,0.0004354610260406358,56.08040201005025,{'alpha': 56.08040201005025},-1.4673608901476511,-1.4851500046603228,-1.577730021540829,-1.5935146418883057,-1.1580852651695608,-1.8462308847523543,-1.6778639241846585,-1.5295780488889807,-1.6543028045645916,-1.5648462597149286,-1.5554662745512182,0.16811128548446522,70
122,0.04492583274841309,0.009042976011994917,0.002870941162109375,0.00047571018318204913,56.130653266331656,{'alpha': 56.130653266331656},-1.4673637037961211,-1.485149846196627,-1.5777205309850582,-1.593514718274078,-1.1580842633595112,-1.8462295155844146,-1.6778719050995872,-1.5295804628196519,-1.654300047465105,-1.5648488133123124,-1.5554663806892468,0.16811141679406638,71
123,0.04431426525115967,0.006573562652939363,0.002703738212585449,0.000922268472965855,56.18090452261306,{'alpha': 56.18090452261306},-1.4673665172759403,-1.485149687595989,-1.5777110458452435,-1.593514792471885,-1.1580832631334539,-1.8462281440074744,-1.6778798955470517,-1.5295828796487314,-1.6542972898185069,-1.5648513667013426,-1.5554664882045617,0.1681115480750768,72
124,0.043241572380065915,0.005611481395198641,0.002754616737365723,0.0003966313460050668,56.231155778894475,{'alpha': 56.231155778894475},-1.4673693305880267,-1.4851495288593866,-1.5777015661108134,-1.593514864487448,-1.1580822644880193,-1.8462267700274915,-1.6778878955059826,-1.529585299373791,-1.654294531626797,-1.564853919883025,-1.5554665970950778,0.16811167932790816,74
125,0.04156877994537354,0.0036254633293233696,0.002762246131896973,0.000574236006198482,56.28140703517588,{'alpha': 56.28140703517588},-1.4673721437332916,-1.4851493699877891,-1.5776920917712276,-1.5935149343264667,-1.1580812674198433,-1.8462253936504043,-1.6778959049553752,-1.5295877219924006,-1.6542917728919646,-1.5648564728583603,-1.5554667073587123,0.16811181055297242,75
126,0.046246790885925294,0.010148097334404242,0.003946161270141602,0.0017888917045908903,56.33165829145729,{'alpha': 56.33165829145729},-1.467374956712643,-1.4851492109821645,-1.5776826228159713,-1.593515001994624,-1.158080271925574,-1.8462240148821325,-1.6779039238742863,-1.5295901475021276,-1.6542890136159922,-1.564859025628343,-1.5554668189933858,0.16811194175067956,76
127,0.04315707683563232,0.004550545725968798,0.003130674362182617,0.0006450349511843513,56.381909547738694,{'alpha': 56.381909547738694},-1.4673777695269843,-1.4851490518434756,-1.577673159234558,-1.5935150674975822,-1.1580792780018705,-1.8462226337285776,-1.677911952241834,-1.5295925759005349,-1.654286253800857,-1.5648615781939652,-1.5554669319970238,0.16811207292143854,77
128,0.04191007614135742,0.0018542055397218653,0.0032262325286865233,0.0011303770554458837,56.4321608040201,{'alpha': 56.4321608040201},-1.4673805821772135,-1.4851488925726801,-1.5776637010165302,-1.5935151308409834,-1.1580782856453982,-1.846221250195619,-1.6779199900371955,-1.5295950071851854,-1.6542834934485264,-1.564864130556214,-1.5554670463675546,0.1681122040656571,78
129,0.03944919109344482,0.006295904119738215,0.0026520252227783202,0.00042965478488499816,56.482412060301506,{'alpha': 56.482412060301506},-1.467383394664228,-1.4851487331707298,-1.5776542481514597,-1.5935151920304518,-1.1580772948528355,-1.8462198642891217,-1.6779280372396128,-1.5295974413536377,-1.6542807325609612,-1.5648666827160718,-1.5554671621029112,0.16811233518374208,80
130,0.04884953498840332,0.014288221904260323,0.003599095344543457,0.0011995096989135055,56.53266331658291,{'alpha': 56.53266331658291},-1.4673862069889152,-1.4851485736385743,-1.5776448006289432,-1.5935152510715924,-1.1580763056208696,-1.8462184760149285,-1.6779360938283887,-1.5295998784034457,-1.6542779711401148,-1.5648692346745154,-1.555467279201029,0.168112466276099,81
131,0.04555680751800537,0.008075711097625782,0.004823040962219238,0.005167594813543051,56.582914572864325,{'alpha': 56.582914572864325},-1.4673890191521635,-1.4851484139771567,-1.5776353584386067,-1.5935153079699904,-1.1580753179461964,-1.8462170853788649,-1.6779441597828832,-1.529602318332163,-1.6542752091879334,-1.5648717864325208,-1.5554673976598479,0.1681125973431322,82
132,0.040706968307495116,0.003642610352501108,0.003086280822753906,0.0007005489246092281,56.63316582914573,{'alpha': 56.63316582914573},-1.4673918311548526,-1.4851482541874168,-1.5776259215701047,-1.5935153627312126,-1.1580743318255224,-1.846215692386737,-1.6779522350825202,-1.5296047611373407,-1.6542724467063554,-1.5648743379910572,-1.555467517477312,0.16811272838524507,83
133,0.04239137172698974,0.0052234692141131965,0.003469395637512207,0.0012169754354936248,56.68341708542714,{'alpha': 56.68341708542714},-1.4673946429978628,-1.4851480942702902,-1.5776164900131187,-1.5935154153608073,-1.1580733472555635,-1.846214297044334,-1.677960319706781,-1.5296072068165252,-1.6542696836973136,-1.5648768893510894,-1.5554676386513684,0.16811285940283974,85
134,0.04369776248931885,0.0042283637604187,0.003127431869506836,0.0007899966803978042,56.733668341708544,{'alpha': 56.733668341708544},-1.4673974546820672,-1.485147934226705,-1.5776070637573572,-1.5935154658643027,-1.158072364233046,-1.8462128993574245,-1.677968413635209,-1.529609655367263,-1.6542669201627302,-1.5648794405135786,-1.5554677611799683,0.16811299039631686,86
135,0.0432478666305542,0.00509201993688623,0.003000211715698242,0.0004461157162003724,56.78391959798995,{'alpha': 56.78391959798995},-1.4674002662083336,-1.4851477740575896,-1.5775976427925564,-1.5935155142472102,-1.1580713827547042,-1.8462114993317609,-1.67797651684741,-1.529612106787095,-1.654264156104524,-1.5648819914794825,-1.5554678850610668,0.16811312136607703,87
136,0.042949771881103514,0.004458450058762346,0.0025211334228515624,0.0004677766591883953,56.834170854271356,{'alpha': 56.834170854271356},-1.4674030775775284,-1.485147613763864,-1.5775882271084811,-1.5935155605150209,-1.158070402817282,-1.846210096973074,-1.677984629323041,-1.5296145610735623,-1.6542613915246043,-1.5648845422497526,-1.555468010292621,0.16811325231251847,89
137,0.047588348388671875,0.007497530092368301,0.0029524803161621095,0.0001634630953497727,56.88442211055276,{'alpha': 56.88442211055276},-1.4674058887905126,-1.4851474533464455,-1.5775788166949212,-1.5935156046732075,-1.158069424417535,-1.8462086922870786,-1.6779927510418267,-1.5296170182242028,-1.6542586264248742,-1.5648870928253382,-1.555468136872594,0.16811338323603867,90
138,0.042356443405151364,0.005215312017185906,0.0033154010772705076,0.000755595879528817,56.93467336683417,{'alpha': 56.93467336683417},-1.4674086998481437,-1.4851472928062466,-1.5775694115416943,-1.5935156467272251,-1.1580684475522247,-1.8462072852794738,-1.6780008819835472,-1.5296194782365502,-1.6542558608072293,-1.5648896432071828,-1.5554682647989517,0.1681135141370351,91
139,0.04318459033966064,0.0034647555754960696,0.0030394792556762695,0.0005684841146115209,56.984924623115575,{'alpha': 56.984924623115575},-1.4674115107512729,-1.4851471321441756,-1.5775600116386483,-1.5935156866825093,-1.158067472218126,-1.8462058759559357,-1.6780090221280421,-1.5296219411081367,-1.6542530946735579,-1.5648921933962274,-1.5554683940696632,0.16811364501590242,92
140,0.046176362037658694,0.005460562396730688,0.0031220674514770507,0.001116211931155153,57.03517587939699,{'alpha': 57.03517587939699},-1.4674143215007514,-1.4851469713611363,-1.5775506169756532,-1.5935157245444795,-1.1580664984120208,-1.8462044643221243,-1.6780171714552097,-1.5296244068364941,-1.6542503280257417,-1.5648947433934077,-1.5554685246827018,0.1681137758730349,94
141,0.04428730010986328,0.007513138847387117,0.002989649772644043,0.0006304831466123944,57.085427135678394,{'alpha': 57.085427135678394},-1.4674171320974219,-1.4851468104580279,-1.577541227542609,-1.593515760318534,-1.1580655261306998,-1.8462030503836826,-1.6780253299450067,-1.5296268754191509,-1.6542475608656557,-1.5648972931996552,-1.5554686566360443,0.1681139067088262,95
142,0.04130058288574219,0.0033985943285070363,0.002980828285217285,0.0006318036047666662,57.1356783919598,{'alpha': 57.1356783919598},-1.4674199425421262,-1.4851466494357457,-1.5775318433294407,-1.5935157940100555,-1.158064555370965,-1.8462016341462357,-1.6780334975774485,-1.5296293468536304,-1.654244793195167,-1.5648998428158984,-1.5554687899276716,0.1681140375236684,96
143,0.04109001159667969,0.004651914968857452,0.0029037952423095702,0.0005405098337135679,57.185929648241206,{'alpha': 57.185929648241206},-1.4674227528357002,-1.4851464882951806,-1.5775224643261019,-1.5935158256244066,-1.1580635861296247,-1.8462002156153874,-1.6780416743326065,-1.5296318211374575,-1.6542420250161356,-1.5649023922430592,-1.5554689245555662,0.16811416831795234,97
144,0.044580817222595215,0.0028918573075972175,0.0034903764724731447,0.0025325212789181293,57.23618090452261,{'alpha': 57.23618090452261},-1.467425562978978,-1.4851463270372196,-1.5775130905225718,-1.5935158551669315,-1.1580626184035,-1.846198794796729,-1.6780498601906135,-1.5296342982681528,-1.6542392563304158,-1.5649049414820593,-1.555469060517717,0.1681142990920681,99
145,0.04695887565612793,0.010374828639983466,0.003017711639404297,0.00045255894474853893,57.28643216080402,{'alpha': 57.28643216080402},-1.467428372972787,-1.4851461656627447,-1.5775037219088557,-1.5935158826429596,-1.158061652189419,-1.846197371695831,-1.6780580551316564,-1.5296367782432359,-1.654236487139855,-1.564907490533813,-1.5554691978121156,0.16811442984640462,100
146,0.0413898229598999,0.0028237244585982285,0.002592778205871582,0.000657974983732109,57.336683417085425,{'alpha': 57.336683417085425},-1.467431182817953,-1.4851460041726334,-1.5774943584749865,-1.5935159080577999,-1.1580606874842196,-1.8461959463182467,-1.6780662591359832,-1.5296392610602232,-1.6542337174462929,-1.5649100393992326,-1.5554693364367569,0.1681145605813497,101
147,0.04285991191864014,0.00391972159379318,0.0031912803649902345,0.0009767372924402748,57.38693467336684,{'alpha': 57.38693467336684},-1.4674339925152962,-1.4851458425677604,-1.5774850002110217,-1.5935159314167437,-1.1580597242847486,-1.8461945186695115,-1.6780744721838947,-1.5296417467166297,-1.6542309472515617,-1.5649125880792247,-1.5554694763896393,0.16811469129728987,103
148,0.04574739933013916,0.006265574816040148,0.003787803649902344,0.0024986506162475203,57.437185929648244,{'alpha': 57.437185929648244},-1.4674368020656345,-1.485145680848995,-1.577475647107047,-1.5935159527250653,-1.1580587625878613,-1.846193088755144,-1.6780826942557523,-1.5296442352099664,-1.6542281765574882,-1.564915136574694,-1.555469617668765,0.16811482199461106,104
149,0.044701361656188966,0.0072734706761728865,0.0025527238845825194,0.00046135869653452297,57.48743718592965,{'alpha': 57.48743718592965},-1.4674396114697796,-1.485145519017203,-1.5774662991531738,-1.5935159719880216,-1.1580578023904242,-1.8461916565806449,-1.6780909253319725,-1.5296467265377471,-1.6542254053658922,-1.5649176848865392,-1.55546976027214,0.16811495267369744,105
150,0.045748448371887206,0.006206575172608335,0.0029920101165771484,0.0006314769824933391,57.537688442211056,{'alpha': 57.537688442211056},-1.4674424207285417,-1.4851453570732456,-1.5774569563395386,-1.5935159892108501,-1.15805684368931,-1.8461902221514983,-1.6780991653930293,-1.5296492206974774,-1.6542226336785852,-1.564920233015656,-1.5554699041977733,0.16811508333493294,107
151,0.04140322208404541,0.0028471124977907376,0.0029783725738525392,0.0007120196313824503,57.58793969849246,{'alpha': 57.58793969849246},-1.4674452298427252,-1.48514519501798,-1.577447618656304,-1.5935160043987733,-1.158055886481403,-1.8461887854731707,-1.6781074144194512,-1.529651717686666,-1.6542198614973753,-1.564922780962937,-1.5554700494436786,0.16811521397869983,108
152,0.04502108097076416,0.003948173995647385,0.002994847297668457,0.0005946510962443885,57.63819095477387,{'alpha': 57.63819095477387},-1.4674480388131323,-1.485145032852259,-1.5774382860936595,-1.5935160175569942,-1.1580549307635932,-1.8461873465511105,-1.6781156723918262,-1.5296542175028172,-1.65421708882406,-1.5649253287292682,-1.555470196007872,0.16811534460537977,109
153,0.048827075958251955,0.0068218417309196975,0.0034178972244262697,0.0004498372933102932,57.688442211055275,{'alpha': 57.688442211055275},-1.4674508476405606,-1.4851448705769323,-1.5774289586418213,-1.5935160286906995,-1.1580539765327837,-1.8461859053907506,-1.6781239392907927,-1.5296567201434321,-1.6542143156604328,-1.5649278763155354,-1.555470343888374,0.16811547521535267,110
154,0.04286093711853027,0.003768363419246387,0.004174542427062988,0.002145607115945546,57.73869346733668,{'alpha': 57.73869346733668},-1.4674536563258038,-1.485144708192844,-1.577419636291028,-1.5935160378050588,-1.1580530237858837,-1.8461844619975043,-1.678132215097049,-1.5296592256060142,-1.6542115420082788,-1.5649304237226167,-1.5554704930832082,0.16811560580899765,112
155,0.04680521488189697,0.008098921706945357,0.0029038429260253907,0.0002640576167313529,57.78894472361809,{'alpha': 57.78894472361809},-1.4674564648696526,-1.4851445457008359,-1.5774103190315467,-1.5935160449052241,-1.1580520725198113,-1.8461830163767716,-1.6781404997913512,-1.5296617338880614,-1.6542087678693786,-1.5649329709513897,-1.5554706435904024,0.16811573638669372,113
156,0.04499239921569824,0.0048629059671865555,0.0032576799392700197,0.0007110263397067138,57.8391959798995,{'alpha': 57.8391959798995},-1.4674592732728922,-1.4851443831017441,-1.5774010068536688,-1.593516049996329,-1.1580511227314954,-1.846181568533932,-1.6781487933545047,-1.5296642449870712,-1.6542059932455042,-1.5649355180027256,-1.5554707954079867,0.16811586694881733,114
157,0.04578535556793213,0.004785971234260821,0.002751588821411133,0.0005273744059197941,57.88944723618091,{'alpha': 57.88944723618091},-1.4674620815363062,-1.4851442203964023,-1.5773916997477129,-1.5935160530834933,-1.1580501744178704,-1.8461801184743507,-1.678157095767375,-1.5296667589005384,-1.6542032181384225,-1.564938064877494,-1.5554709485339964,0.1681159974957454,116
158,0.04846179485321045,0.006395338385710406,0.0030980587005615236,0.000699935024885079,57.93969849246231,{'alpha': 57.93969849246231},-1.4674648896606721,-1.4851440575856385,-1.5773823977040198,-1.5935160541718165,-1.1580492275758827,-1.8461786662033732,-1.678165407010879,-1.529669275625958,-1.6542004425498924,-1.5649406115765587,-1.5554711029664692,0.16811612802785236,117
159,0.043816637992858884,0.003688757930248211,0.004356694221496582,0.0035589455625463728,57.98994974874372,{'alpha': 57.98994974874372},-1.4674676976467664,-1.4851438946702777,-1.5773731007129592,-1.5935160532663817,-1.1580482822024858,-1.8461772117263309,-1.67817372706599,-1.5296717951608216,-1.6541976664816678,-1.5649431581007807,-1.5554712587034463,0.16811625854551246,118
160,0.04826872348785401,0.007042500130964433,0.003491783142089844,0.0016882294036329438,58.040201005025125,{'alpha': 58.040201005025125},-1.4674705054953598,-1.4851437316511416,-1.5773638087649229,-1.5935160503722574,-1.1580473382946423,-1.846175755048538,-1.678182055913737,-1.5296743175026206,-1.6541948899354952,-1.5649457044510164,-1.555471415742973,0.16811638904909898,120
161,0.049563479423522946,0.008971027853609096,0.003042292594909668,0.0009059978726371237,58.09045226130653,{'alpha': 58.09045226130653},-1.4674733132072206,-1.4851435685290466,-1.5773545218503306,-1.5935160454944928,-1.1580463958493235,-1.846174296175291,-1.6781903935351992,-1.529676842648842,-1.6541921129131143,-1.5649482506281207,-1.555471574083098,0.16811651953898352,121
162,0.045074868202209475,0.00551826897500536,0.004590463638305664,0.0032833910991519094,58.14070351758794,{'alpha': 58.14070351758794},-1.467476120783112,-1.4851434053048056,-1.5773452399596257,-1.5935160386381224,-1.158045454863509,-1.8461728351118718,-1.6781987399115152,-1.5296793705969745,-1.6541893354162605,-1.5649507966329415,-1.5554717337218738,0.16811665001553772,122
163,0.046778416633605956,0.006501175249993191,0.0028914213180541992,0.000536804831374092,58.19095477386935,{'alpha': 58.19095477386935},-1.4674789282237954,-1.485143241979228,-1.577335963083276,-1.593516029808161,-1.1580445153341872,-1.846171371863542,-1.6782070950238732,-1.5296819013445038,-1.6541865574466605,-1.5649533424663258,-1.5554718946573554,0.16811678047913087,124
164,0.04344828128814697,0.002415911005310463,0.004386186599731445,0.003891379438402721,58.24120603015076,{'alpha': 58.24120603015076},-1.4674817355300274,-1.4851430785531199,-1.577326691211774,-1.59351601900961,-1.1580435772583553,-1.846169906435552,-1.6782154588535203,-1.5296844348889138,-1.6541837790060354,-1.5649558881291155,-1.5554720568876026,0.1681169109301325,125
165,0.04859931468963623,0.009285706694730615,0.003758955001831055,0.002777754918696524,58.29145728643216,{'alpha': 58.29145728643216},-1.4674845427025602,-1.485142915027282,-1.5773174243356394,-1.5935160062474534,-1.1580426406330184,-1.846168438833132,-1.6782238313817495,-1.529686971227687,-1.6541810000961008,-1.5649584336221487,-1.5554722204106772,0.16811704136891045,126
166,0.048102736473083496,0.008583572303556556,0.002916097640991211,0.00033164019211001514,58.34170854271357,{'alpha': 58.34170854271357},-1.4674873497421448,-1.4851427514025115,-1.5773081624454148,-1.5935159915266577,-1.1580417054551913,-1.8461669690614977,-1.6782322125899125,-1.5296895103583048,-1.6541782207185636,-1.56496097894626,-1.5554723852246457,0.1681171717958314,128
167,0.05272300243377685,0.008928854371585769,0.0029077768325805665,0.0005000172561645675,58.391959798994975,{'alpha': 58.391959798994975},-1.4674901566495262,-1.485142587679603,-1.5772989055316669,-1.5935159748521737,-1.1580407717218961,-1.8461654971258468,-1.678240602459415,-1.5296920522782473,-1.6541754408751275,-1.564963524102281,-1.5554725513275782,0.16811730221126153,129
168,0.0453129768371582,0.0075168948312205434,0.003156757354736328,0.00033921164863488757,58.44221105527638,{'alpha': 58.44221105527638},-1.4674929634254483,-1.485142423859346,-1.5772896535849887,-1.5935159562289365,-1.158039839430164,-1.8461640230313625,-1.6782490009717126,-1.5296945969849924,-1.6541726605674876,-1.5649660690910387,-1.5554727187175479,0.1681174326155656,130
169,0.04469633102416992,0.00605994372840895,0.0028424501419067384,0.0005388292849490529,58.49246231155779,{'alpha': 58.49246231155779},-1.4674957700706495,-1.4851422599425277,-1.577280406595995,-1.5935159356618631,-1.1580389085770344,-1.8461625467832115,-1.678257408108313,-1.529697144476017,-1.6541698797973345,-1.5649686139133574,-1.5554728873926302,0.16811756300910757,132
170,0.04746437072753906,0.011053859624533644,0.0025849342346191406,0.0006352192963695819,58.5427135678392,{'alpha': 58.5427135678392},-1.467498576585864,-1.48514209592993,-1.5772711645553292,-1.5935159131558565,-1.1580379791595548,-1.8461610683865448,-1.6782658238507806,-1.5296996947487975,-1.6541670985663506,-1.5649711585700576,-1.5554730573509068,0.1681176933922507,133
171,0.045178699493408206,0.0073298657816034535,0.0035583019256591798,0.001896008205290133,58.5929648241206,{'alpha': 58.5929648241206},-1.4675013829718255,-1.4851419318223307,-1.5772619274536557,-1.5935158887158027,-1.1580370511747808,-1.8461595878464965,-1.6782742481807298,-1.5297022478008073,-1.654164316876214,-1.5649737030619555,-1.5554732285904598,0.16811782376535694,134
172,0.04408209323883057,0.0034199518253626147,0.0035905361175537108,0.0018495837675243795,58.64321608040201,{'alpha': 58.64321608040201},-1.4675041892292622,-1.485141767620506,-1.5772526952816635,-1.593515862346571,-1.1580361246197777,-1.8461581051681837,-1.678282681079824,-1.5297048036295207,-1.6541615347285963,-1.5649762473898636,-1.5554734011093767,0.1681179541287866,136
173,0.041891169548034665,0.005062021174123105,0.0033673763275146483,0.001909309222358407,58.69346733668342,{'alpha': 58.69346733668342},-1.467506995358898,-1.4851416033252265,-1.5772434680300678,-1.5935158340530156,-1.1580351994916187,-1.8461566203567112,-1.6782911225297878,-1.529707362232408,-1.6541587521251617,-1.5649787915545927,-1.5554735749057487,0.16811808448290047,137
174,0.0433802604675293,0.005615403446981934,0.0029309988021850586,0.000334550344309028,58.743718592964825,{'alpha': 58.743718592964825},-1.467509801361455,-1.4851414389372604,-1.5772342456896036,-1.5935158038399742,-1.1580342757873838,-1.8461551334171644,-1.6782995725123835,-1.5297099236069411,-1.6541559690675702,-1.5649813355569477,-1.5554737499776685,0.16811821482805678,139
175,0.04530131816864014,0.004298503851533664,0.003268885612487793,0.000790627011095617,58.79396984924623,{'alpha': 58.79396984924623},-1.4675126072376519,-1.4851412744573718,-1.5772250282510347,-1.593515771712269,-1.1580333535041627,-1.846153644354616,-1.6783080310094398,-1.529712487750589,-1.6541531855574747,-1.5649838793977324,-1.5554739263232342,0.1681183451646143,140
176,0.044782257080078124,0.0034403703964371586,0.0028897523880004883,0.0002985176419833251,58.84422110552764,{'alpha': 58.84422110552764},-1.4675154129882033,-1.4851411098863196,-1.577215815705147,-1.593515737674706,-1.1580324326390528,-1.8461521531741205,-1.6783164980028273,-1.529715054660819,-1.6541504015965207,-1.5649864230777435,-1.5554741039405457,0.1681184754929296,141
177,0.04557819366455078,0.00608339630566352,0.0030105113983154297,0.0007238760836178501,58.89447236180904,{'alpha': 58.89447236180904},-1.4675182186138196,-1.485140945224862,-1.5772066080427496,-1.593515701732076,-1.15803151318916,-1.846150659880719,-1.6783249734744705,-1.5297176243350992,-1.65414761718635,-1.5649889665977788,-1.5554742828277086,0.16811860581335897,143
178,0.06099016666412353,0.014843953180817201,0.0034842491149902344,0.0009838557812991333,58.94472361809045,{'alpha': 58.94472361809045},-1.46752102411521,-1.485140780473751,-1.5771974052546756,-1.5935156638891537,-1.1580305951515981,-1.8461491644794343,-1.6783334574063467,-1.5297201967708955,-1.6541448323285983,-1.5649915099586291,-1.555474462982829,0.16811873612625744,144
179,0.049637651443481444,0.007978972666647592,0.004116344451904297,0.002017203698681674,58.99497487437186,{'alpha': 58.99497487437186},-1.4675238294930786,-1.485140615633737,-1.5771882073317818,-1.5935156241506983,-1.1580296785234883,-1.8461476669752759,-1.67834194978048,-1.529722771965673,-1.6541420470248929,-1.564994053161083,-1.5554746444040188,0.1681188664319791,145
180,0.041894054412841795,0.0035018069577283737,0.004472994804382324,0.003559617615161139,59.04522613065327,{'alpha': 59.04522613065327},-1.467526634748126,-1.4851404507055652,-1.5771790142649487,-1.5935155825214529,-1.1580287633019608,-1.8461461673732378,-1.6783504505789513,-1.5297253499168946,-1.6541392612768582,-1.5649965962059253,-1.555474827089392,0.16811899673087752,147
181,0.04564952850341797,0.0076634440687655845,0.0031908750534057617,0.0017146812636088824,59.095477386934675,{'alpha': 59.095477386934675},-1.4675294398810503,-1.4851402856899785,-1.5771698260450822,-1.593515539006147,-1.158027849484154,-1.8461446656782958,-1.678358959783886,-1.529727930622024,-1.6541364750861094,-1.5649991390939382,-1.5554750110370665,0.1681191270233042,148
182,0.048393535614013675,0.003622951383480792,0.0038665771484375,0.002845068504904053,59.14572864321608,{'alpha': 59.14572864321608},-1.467532244892547,-1.4851401205877137,-1.5771606426631084,-1.5935154936094935,-1.1580269370672138,-1.8461431618954152,-1.6783674773774613,-1.5297305140785231,-1.6541336884542601,-1.565001681825899,-1.5554751962451636,0.16811925730961103,149
183,0.04337048530578613,0.005817260430429434,0.003285670280456543,0.0019498125338714084,59.19597989949749,{'alpha': 59.19597989949749},-1.4675350497833064,-1.4851399553995082,-1.5771514641099789,-1.593515446336188,-1.1580260260482955,-1.8461416560295432,-1.6783760033419077,-1.5297331002838517,-1.6541309013829133,-1.5650042244025844,-1.5554753827118075,0.16811938759014794,151
184,0.04765176773071289,0.01152985354145363,0.003564763069152832,0.0008163570315879468,59.246231155778894,{'alpha': 59.246231155778894},-1.467537854554017,-1.4851397901260932,-1.577142290376667,-1.5935153971909146,-1.1580251164245585,-1.84614014808561,-1.6783845376595024,-1.5297356892354712,-1.65412811387367,-1.5650067668247643,-1.5554755704351266,0.16811951786526458,152
185,0.04666557312011719,0.004719038192456489,0.004479217529296875,0.0023914250684248053,59.2964824120603,{'alpha': 59.2964824120603},-1.467540659205363,-1.4851396247681963,-1.5771331214541722,-1.5935153461783387,-1.1580242081931744,-1.8461386380685343,-1.678393080312574,-1.5297382809308395,-1.654125325928123,-1.5650093090932073,-1.5554757594132522,0.16811964813530927,154
186,0.050656700134277345,0.011656133440086201,0.0036042451858520506,0.0016195251712843462,59.34673366834171,{'alpha': 59.34673366834171},-1.467543463738026,-1.4851394593265432,-1.5771239573335127,-1.593515293303113,-1.1580233013513215,-1.846137125983217,-1.6784016312835004,-1.529740875367415,-1.6541225375478597,-1.5650118512086775,-1.5554759496443187,0.1681197784006292,155
187,0.0439812183380127,0.00739401175940499,0.0038505315780639647,0.0025230937118438388,59.39698492462311,{'alpha': 59.39698492462311},-1.4675462681526845,-1.4851392938018533,-1.5771147980057343,-1.5935152385698743,-1.1580223958961842,-1.8461356118345464,-1.6784101905547069,-1.5297434725426566,-1.6541197487344634,-1.565014393171937,-1.5554761411264642,0.16811990866157142,156
188,0.04607653617858887,0.007900782827371384,0.0036902666091918946,0.0010974041064878278,59.447236180904525,{'alpha': 59.447236180904525},-1.467549072450013,-1.4851391281948463,-1.5771056434619029,-1.5935151819832427,-1.1580214918249574,-1.846134095627394,-1.6784187581086742,-1.5297460724540173,-1.6541169594895093,-1.5650169349837444,-1.5554763338578304,0.16812003891848135,158
189,0.04479231834411621,0.005270831138661873,0.0029797792434692384,0.0007659450608439809,59.49748743718593,{'alpha': 59.49748743718593},-1.4675518766306843,-1.4851389625062361,-1.5770964936931087,-1.5935151235478262,-1.1580205891348425,-1.846132577366616,-1.678427333927922,-1.529748675098956,-1.6541141698145683,-1.565019476644853,-1.5554765278365612,0.1681201691717031,159
190,0.04314732551574707,0.0035169815009892173,0.0031107187271118162,0.0002984040697447247,59.54773869346734,{'alpha': 59.54773869346734},-1.4675546806953659,-1.4851387967367333,-1.5770873486904626,-1.593515063268216,-1.1580196878230475,-1.8461310570570557,-1.6784359179950301,-1.5297512804749263,-1.6541113797112057,-1.5650220181560153,-1.5554767230608058,0.16812029942158138,161
191,0.04232289791107178,0.008163529152575235,0.0029920339584350586,0.0006304881864527634,59.597989949748744,{'alpha': 59.597989949748744},-1.4675574846447232,-1.4851386308870458,-1.5770782084451025,-1.5935150011489891,-1.15801878788679,-1.84612953470354,-1.6784445102926187,-1.5297538885793824,-1.6541085891809792,-1.5650245595179786,-1.5554769195287148,0.1681204296684585,162
192,0.049852728843688965,0.01229243169743104,0.003087306022644043,0.0005304475564594126,59.64824120603015,{'alpha': 59.64824120603015},-1.4675602884794197,-1.4851384649578772,-1.5770690729481853,-1.5935149371947075,-1.158017889323296,-1.8461280103108813,-1.6784531108033593,-1.5297564994097768,-1.6541057982254441,-1.5650271007314884,-1.5554771172384434,0.16812055991267602,163
193,0.047867751121520995,0.006547861529187487,0.0042401313781738285,0.0036046417803797396,59.698492462311556,{'alpha': 59.698492462311556},-1.4675630922001126,-1.4851382989499284,-1.5770599421908909,-1.5935148714099183,-1.1580169921297967,-1.8461264838838782,-1.6784617195099745,-1.5297591129635628,-1.6541030068461473,-1.565029641797287,-1.5554773161881497,0.16812069015457556,165
194,0.04425475597381592,0.005641504135775382,0.002908611297607422,0.00030877205699246795,59.74874371859296,{'alpha': 59.74874371859296},-1.467565895807459,-1.4851381328638986,-1.577050816164423,-1.5935148037991538,-1.1580160963035326,-1.8461249554273138,-1.6784703363952296,-1.5297617292381946,-1.6541002150446311,-1.5650321827161118,-1.5554775163759946,0.16812082039449663,166
195,0.05008981227874756,0.011585663367637673,0.003543519973754883,0.0013135384746385578,59.798994974874375,{'alpha': 59.798994974874375},-1.467568699302112,-1.4851379667004798,-1.577041694860008,-1.5935147343669318,-1.158015201841751,-1.8461234249459564,-1.678478961441944,-1.5297643482311203,-1.654097422822433,-1.5650347234886988,-1.5554777178001435,0.16812095063277882,168
196,0.041618180274963376,0.003614362182113262,0.0027899742126464844,0.0004124818230295633,59.84924623115578,{'alpha': 59.84924623115578},-1.4675715026847211,-1.485137800460364,-1.5770325782688932,-1.593514663117756,-1.158014308741708,-1.846121892444561,-1.6784875946329798,-1.529766969939792,-1.6540946301810824,-1.5650372641157795,-1.5554779204587639,0.16812108086976008,169
197,0.04925014972686768,0.011045289907808597,0.0031098127365112305,0.000696984869045275,59.89949748743719,{'alpha': 59.89949748743719},-1.4675743059559323,-1.4851376341442382,-1.577023466382349,-1.5935145900561158,-1.1580134170006666,-1.8461203579278662,-1.6784962359512487,-1.5297695943616605,-1.654091837122107,-1.5650398045980825,-1.5554781243500269,0.16812121110577763,170
198,0.041663837432861325,0.004149914779266289,0.0029431819915771485,0.0004693666485688329,59.949748743718594,{'alpha': 59.949748743718594},-1.4675771091163894,-1.4851374677527869,-1.5770143591916685,-1.5935145151864838,-1.158012526615898,-1.8461188214005988,-1.6785048853797124,-1.529772221494175,-1.654089043647025,-1.5650423449363344,-1.555478329472107,0.16812134134116805,172
199,0.047679567337036134,0.008813066426228557,0.003163313865661621,0.0009837388784290644,60.0,{'alpha': 60.0},-1.467579912166734,-1.4851373012866904,-1.5770052566881672,-1.593514438513322,-1.1580116375846794,-1.8461172828674688,-1.6785135429013762,-1.5297748513347824,-1.6540862497573516,-1.5650448851312564,-1.5554785358231826,0.1681214715762669,173
200,0.0497279167175293,0.00620067228116304,0.003721022605895996,0.001599947223857347,0.0001,{'alpha': 0.0001},-1.4654918027192283,-1.5182600544508895,-1.6363522998067594,-1.6480415414405831,-1.1992463517311398,-1.8153724856941704,-1.7422503692242648,-1.5209235597258297,-1.6737599247033188,-1.5715541101183916,-1.5791252499614576,0.1624107575367971,221
201,0.050417089462280275,0.00905292601819003,0.003181195259094238,0.000618675066654554,0.001,{'alpha': 0.001},-1.4726448624243889,-1.5179933525456664,-1.6356994468117876,-1.6393539590497346,-1.191038905574943,-1.8177315212612515,-1.7438146243866814,-1.5165286642341156,-1.673532929479428,-1.5779361202021849,-1.5786274385970183,0.1641340765275685,220
202,0.04856464862823486,0.006483274218705241,0.004086351394653321,0.0032924503733362874,0.01,{'alpha': 0.01},-1.474137512823943,-1.5153773928253638,-1.6334571530682191,-1.6345827104027748,-1.1883926596901044,-1.8184910688159868,-1.742503908888097,-1.5155582152658758,-1.6733565617152415,-1.579881805306832,-1.5775738988802437,0.1645208351152756,219
203,0.05106191635131836,0.013790953032499631,0.0031911849975585936,0.0007462708924309086,0.1,{'alpha': 0.1},-1.4723201269670363,-1.5047088416106256,-1.623168602787602,-1.619859847580639,-1.1810987293532027,-1.825041558174465,-1.7329553128691282,-1.5139496201285654,-1.6680168250033274,-1.578789246186722,-1.5719908710661312,0.16575541759523785,218
204,0.052933025360107425,0.012823535981130667,0.003188490867614746,0.0008150665729434868,0.25,{'alpha': 0.25},-1.4716537709366924,-1.4990743713972527,-1.616379701831864,-1.6103052214017632,-1.1762389255469248,-1.8295728943003915,-1.727380508888943,-1.516541670868241,-1.6641648728736897,-1.5763910715833258,-1.5687703009629086,0.166560214157413,217
205,0.0521737813949585,0.012978529686159654,0.004973936080932617,0.004683287677533506,0.3,{'alpha': 0.3},-1.4714619588938451,-1.4980510397309954,-1.614967914100344,-1.6084186776795444,-1.1751833924114827,-1.830601711011198,-1.7261884377898418,-1.5172435678540015,-1.6637493162740007,-1.5757355818782666,-1.568160159762352,0.1667764858257931,216
206,0.0506880521774292,0.01009554561924981,0.002768731117248535,0.0003933676575671826,0.35,{'alpha': 0.35},-1.4712660447880996,-1.49721562460033,-1.6137700521656435,-1.606866825132571,-1.1742928187406194,-1.8315447652651915,-1.725141961412448,-1.5178431048200858,-1.6633885986791674,-1.5751454281084694,-1.5676475223712625,0.16697086907702305,215
207,0.04865221977233887,0.005904888467310148,0.003696775436401367,0.0012708018157836214,0.4,{'alpha': 0.4},-1.471066357603373,-1.496512549953825,-1.6127317905798042,-1.6055641710788469,-1.1735295513189399,-1.8323432626154919,-1.7241999852742873,-1.5183612313614832,-1.6630687707430016,-1.5746124614596864,-1.5671990131988738,0.1671348870591532,214
208,0.04860787391662598,0.005479672139403858,0.0028487205505371093,0.0006400746220083991,0.45,{'alpha': 0.45},-1.4708643085752062,-1.4959066860310573,-1.6118169320999178,-1.6044526929157275,-1.17286662992847,-1.8330306121055957,-1.723336968323433,-1.5188136925494173,-1.6628484227617828,-1.5741292157976918,-1.5668066161088299,0.1672786692403786,213
209,0.04827282428741455,0.004131675853694435,0.003387928009033203,0.0012412863946778512,0.5,{'alpha': 0.5},-1.470846312819632,-1.4953779464059682,-1.6110001753700731,-1.603491385166165,-1.1722842253649006,-1.8336303186841165,-1.72253607531787,-1.519254380880897,-1.6626366598164741,-1.5736891962054038,-1.56647466760315,0.16739015129527074,212
210,0.05095608234405517,0.010247090770529219,0.005282807350158692,0.004616682872953461,0.525,{'alpha': 0.525},-1.4708537378727355,-1.4952164065209073,-1.610622645669946,-1.6030800354885328,-1.1720184070619462,-1.8339028398542174,-1.7221551426957398,-1.5194595070020678,-1.6625333862247078,-1.573483630207916,-1.5663325738598715,0.16743557101738357,211
211,0.0504493236541748,0.0076193842303574994,0.0029502153396606446,0.0008454005956359845,0.55,{'alpha': 0.55},-1.4708570240325138,-1.495064592244409,-1.6102631554240066,-1.6027221985238427,-1.1717674228714006,-1.8341594951203612,-1.7217856601496284,-1.5196538884806605,-1.662431710348112,-1.5732868618650038,-1.566199200905994,0.16747821192689244,210
212,0.04423360824584961,0.005372695242985643,0.0027655363082885742,0.0003846783883470877,0.6,{'alpha': 0.6},-1.470853196918387,-1.4947859464688944,-1.609700484087508,-1.6020706618403333,-1.171304787773072,-1.8346309498161157,-1.721077335050508,-1.52001384448272,-1.6622328195409422,-1.5729175160923807,-1.5659587542070863,0.16755726638531476,209
213,0.045986056327819824,0.00611177172191174,0.004487276077270508,0.00455781822196873,0.7,{'alpha': 0.7},-1.4708149340401018,-1.4943067517816273,-1.6088657688072479,-1.6009750018563484,-1.1705082317754965,-1.8354377745841572,-1.7197634127619483,-1.5206378548566541,-1.661851087962085,-1.5722624715239453,-1.565542328994961,0.16768922533073174,208
214,0.053853631019592285,0.002524026201526103,0.005286192893981934,0.003398701423388123,0.8,{'alpha': 0.8},-1.4707507856500435,-1.4939030758336045,-1.6081323228970685,-1.6000877003887677,-1.169842978639867,-1.8361066834001272,-1.7185593530507781,-1.5211618297785212,-1.6614882016434664,-1.5716988261760294,-1.5651731757458276,0.16778973265694266,207
215,0.046486926078796384,0.006069217958464407,0.0038785934448242188,0.0027375574019132096,0.85,{'alpha': 0.85},-1.4707128528500186,-1.4937222798083203,-1.607795622993625,-1.5997038145270237,-1.169548576395469,-1.8364011807536433,-1.7179912336077874,-1.5213940812188773,-1.6613130877292435,-1.5714452945362631,-1.565002802442027,0.16783097904543964,206
216,0.04992280006408691,0.008963077575251024,0.0031456708908081054,0.00063596630435655,0.9,{'alpha': 0.9},-1.4706724213554896,-1.4935528128356406,-1.607475822687514,-1.5993526080648364,-1.169275309816286,-1.8366736487696118,-1.7174428430934299,-1.5216096428979584,-1.6611418751407898,-1.571208077323406,-1.5648405061984962,0.16786732296490217,205
217,0.04716634750366211,0.008339740286857678,0.003092241287231445,0.00030718378970239353,0.95,{'alpha': 0.95},-1.4706302664386837,-1.4933931384071577,-1.6071710704404423,-1.5990298597505799,-1.1690205960074405,-1.8369268161320496,-1.7169124521151915,-1.5218104060883222,-1.6609743576768363,-1.5709855775595483,-1.5646854540616253,0.1678994195055476,204
218,0.04457402229309082,0.0038111382720598243,0.0036907434463500977,0.0018421326261661437,0.975,{'alpha': 0.975},-1.4706087386384137,-1.4933165720995836,-1.607023839923802,-1.5988780320861948,-1.1688995043128612,-1.837046892095674,-1.716653537384531,-1.5219057500736795,-1.6608919257586219,-1.5708794040713023,-1.5646104196444663,0.16791405042069069,203
219,0.0412308931350708,0.0023499804392480813,0.0027648448944091798,0.0007417685193490451,1,{'alpha': 1},-1.4705869977075812,-1.49324200174739,-1.6068798054906224,-1.5987320426466374,-1.1687822645322932,-1.8371629719708178,-1.7163985868232812,-1.5219979778952863,-1.6608103491893698,-1.5707764012941177,-1.56453693992974,0.16792781869299575,202
220,0.04833626747131348,0.0054713036600888615,0.00247652530670166,0.0006601834051745102,9,{'alpha': 9},-1.4683837568441578,-1.487274806447544,-1.593236883113435,-1.5917762604661752,-1.1614425153537864,-1.845387632799658,-1.686906501067284,-1.5275782809697425,-1.6554473975694288,-1.5644675943115847,-1.5581901628942796,0.16803122278739946,201
221,0.04276735782623291,0.003349946447357706,0.0032787322998046875,0.0006515530481073657,1001,{'alpha': 1001},-1.676603056912087,-1.6404406595390184,-1.5939538141337506,-1.7330978931676093,-1.3395816372682947,-1.8893755225953186,-1.9609549023774475,-1.755162426149959,-1.7620254411230518,-1.7665297201295758,-1.7117725073396115,0.1613159244629502,222
222,0.04536721706390381,0.006417661724817607,0.0032979726791381838,0.0004680993958195336,10000,{'alpha': 10000},-4.047774334857932,-3.9680374027132577,-3.7238102421182426,-3.862384111459116,-3.765502974957933,-3.5855857763268077,-4.201649097894875,-4.182531485776659,-3.6879619279979634,-3.9208918831461235,-3.894612923724891,0.19793749251335818,223
