,mean_fit_time,std_fit_time,mean_score_time,std_score_time,param_C,param_l1_ratio,param_max_iter,param_penalty,param_solver,params,split0_test_score,split1_test_score,split2_test_score,split3_test_score,split4_test_score,mean_test_score,std_test_score,rank_test_score
0,0.06253066062927246,0.0022186207517025046,0.003587007522583008,0.0005774240661293082,1e-05,0.0,5.0,l2,liblinear,"{'C': 1e-05, 'l1_ratio': 0.0, 'max_iter': 5.0, 'penalty': 'l2', 'solver': 'liblinear'}",0.5863559991457544,0.593262008969579,0.5967107235178528,0.6209646221520819,0.5530654909063892,0.5900717689383315,0.02187186909242597,101
1,0.0981752872467041,0.011747937324539878,0.00496377944946289,0.0008065321096143596,1e-05,0.0,5.0,l2,newton-cg,"{'C': 1e-05, 'l1_ratio': 0.0, 'max_iter': 5.0, 'penalty': 'l2', 'solver': 'newton-cg'}",0.5807828183415799,0.5856934441794225,0.5789359745240554,0.6106002884745945,0.5655933840426922,0.584321181912469,0.014729055868317463,131
2,0.07935404777526855,0.0024338358848387896,0.0033118724822998047,0.000468625117842756,1e-05,0.0,5.0,l2,sag,"{'C': 1e-05, 'l1_ratio': 0.0, 'max_iter': 5.0, 'penalty': 'l2', 'solver': 'sag'}",0.5828155112479962,0.5857539103608159,0.5843045225950416,0.6110896192698979,0.5633375946957566,0.5854602316339017,0.015196664319447904,116
3,0.08344721794128418,0.001913835836258687,0.004488611221313476,0.00041867591234153535,1e-05,0.0,5.0,l2,saga,"{'C': 1e-05, 'l1_ratio': 0.0, 'max_iter': 5.0, 'penalty': 'l2', 'solver': 'saga'}",0.5858388203176661,0.583973374295955,0.5875684358579557,0.6112202782780681,0.5596983570270209,0.5856598531553331,0.01633311692112922,111
4,0.04841947555541992,0.0057089538786910645,0.0059111595153808595,0.0017600731370473826,1e-05,0.0,5.0,l2,lbfgs,"{'C': 1e-05, 'l1_ratio': 0.0, 'max_iter': 5.0, 'penalty': 'l2', 'solver': 'lbfgs'}",0.5628346545837225,0.5750501097396866,0.564394395497132,0.5881666491600676,0.5599904183394009,0.5700872454640019,0.010377373396291197,146
5,0.05981402397155762,0.004327447356359405,0.003335380554199219,0.0004140635060292379,1e-05,0.0,30.0,l2,liblinear,"{'C': 1e-05, 'l1_ratio': 0.0, 'max_iter': 30.0, 'penalty': 'l2', 'solver': 'liblinear'}",0.5863559991457544,0.593262008969579,0.5967107235178528,0.6209646221520819,0.5530654909063892,0.5900717689383315,0.02187186909242597,101
6,0.12814602851867676,0.026081217768452753,0.004047966003417969,0.0012748289233036547,1e-05,0.0,30.0,l2,newton-cg,"{'C': 1e-05, 'l1_ratio': 0.0, 'max_iter': 30.0, 'penalty': 'l2', 'solver': 'newton-cg'}",0.5807738127400957,0.5856947306939202,0.5789398174360603,0.6105772310025644,0.5655933840426922,0.5843157951830665,0.014721004923010752,141
7,0.26169743537902834,0.0391478409691799,0.002925586700439453,0.0004187030599304092,1e-05,0.0,30.0,l2,sag,"{'C': 1e-05, 'l1_ratio': 0.0, 'max_iter': 30.0, 'penalty': 'l2', 'solver': 'sag'}",0.580844571037471,0.5857281800708612,0.5789820894681155,0.6105874787679111,0.5655434261866272,0.5843371491061973,0.014731554982176449,126
8,0.3028768539428711,0.04431063044578383,0.0032933712005615234,0.000906564049185187,1e-05,0.0,30.0,l2,saga,"{'C': 1e-05, 'l1_ratio': 0.0, 'max_iter': 30.0, 'penalty': 'l2', 'solver': 'saga'}",0.5815418618952417,0.5863778698922157,0.5803335135232074,0.6106387175946445,0.5645288974173069,0.5846841720645232,0.014910026727370294,121
9,0.04457864761352539,0.00524543409210231,0.0028088569641113283,0.00042339558922519595,1e-05,0.0,30.0,l2,lbfgs,"{'C': 1e-05, 'l1_ratio': 0.0, 'max_iter': 30.0, 'penalty': 'l2', 'solver': 'lbfgs'}",0.5807802453125843,0.5856960172084179,0.5789334125827188,0.6105772310025646,0.5655972269546973,0.5843168266121965,0.014720210397171344,136
10,0.06202907562255859,0.004991395856554113,0.0038313865661621094,0.0006031583689394688,1e-05,0.25,5.0,l2,liblinear,"{'C': 1e-05, 'l1_ratio': 0.25, 'max_iter': 5.0, 'penalty': 'l2', 'solver': 'liblinear'}",0.5863559991457544,0.593262008969579,0.5967107235178528,0.6209646221520819,0.5530654909063892,0.5900717689383315,0.02187186909242597,101
11,0.09007973670959472,0.011534322385828107,0.004307413101196289,0.001099008739663355,1e-05,0.25,5.0,l2,newton-cg,"{'C': 1e-05, 'l1_ratio': 0.25, 'max_iter': 5.0, 'penalty': 'l2', 'solver': 'newton-cg'}",0.5807828183415799,0.5856934441794225,0.5789359745240554,0.6106002884745945,0.5655933840426922,0.584321181912469,0.014729055868317463,131
12,0.08897275924682617,0.015499530509870865,0.003296089172363281,0.0005297864134052298,1e-05,0.25,5.0,l2,sag,"{'C': 1e-05, 'l1_ratio': 0.25, 'max_iter': 5.0, 'penalty': 'l2', 'solver': 'sag'}",0.5828155112479962,0.5857539103608159,0.5843045225950416,0.6110896192698979,0.5633375946957566,0.5854602316339017,0.015196664319447904,116
13,0.08549656867980956,0.006075679359957747,0.006405401229858399,0.0016025761567861757,1e-05,0.25,5.0,l2,saga,"{'C': 1e-05, 'l1_ratio': 0.25, 'max_iter': 5.0, 'penalty': 'l2', 'solver': 'saga'}",0.5858388203176661,0.583973374295955,0.5875684358579557,0.6112202782780681,0.5596983570270209,0.5856598531553331,0.01633311692112922,111
14,0.04093351364135742,0.005578682406966135,0.00343170166015625,0.0004277486750872607,1e-05,0.25,5.0,l2,lbfgs,"{'C': 1e-05, 'l1_ratio': 0.25, 'max_iter': 5.0, 'penalty': 'l2', 'solver': 'lbfgs'}",0.5628346545837225,0.5750501097396866,0.564394395497132,0.5881666491600676,0.5599904183394009,0.5700872454640019,0.010377373396291197,146
15,0.06439933776855469,0.006052443315835369,0.004260063171386719,0.0004967051798502229,1e-05,0.25,30.0,l2,liblinear,"{'C': 1e-05, 'l1_ratio': 0.25, 'max_iter': 30.0, 'penalty': 'l2', 'solver': 'liblinear'}",0.5863559991457544,0.593262008969579,0.5967107235178528,0.6209646221520819,0.5530654909063892,0.5900717689383315,0.02187186909242597,101
16,0.12440485954284668,0.01466955703883179,0.0036324024200439452,0.0006200648679905993,1e-05,0.25,30.0,l2,newton-cg,"{'C': 1e-05, 'l1_ratio': 0.25, 'max_iter': 30.0, 'penalty': 'l2', 'solver': 'newton-cg'}",0.5807738127400957,0.5856947306939202,0.5789398174360603,0.6105772310025644,0.5655933840426922,0.5843157951830665,0.014721004923010752,141
17,0.24204716682434083,0.047476077820085553,0.0026642322540283204,0.00032158159558102047,1e-05,0.25,30.0,l2,sag,"{'C': 1e-05, 'l1_ratio': 0.25, 'max_iter': 30.0, 'penalty': 'l2', 'solver': 'sag'}",0.580844571037471,0.5857281800708612,0.5789820894681155,0.6105874787679111,0.5655434261866272,0.5843371491061973,0.014731554982176449,126
18,0.3383963584899902,0.09870748647244705,0.003187417984008789,0.0008409140431642925,1e-05,0.25,30.0,l2,saga,"{'C': 1e-05, 'l1_ratio': 0.25, 'max_iter': 30.0, 'penalty': 'l2', 'solver': 'saga'}",0.5815418618952417,0.5863778698922157,0.5803335135232074,0.6106387175946445,0.5645288974173069,0.5846841720645232,0.014910026727370294,121
19,0.04661293029785156,0.005311536977935592,0.0031792163848876954,0.0004364743871887782,1e-05,0.25,30.0,l2,lbfgs,"{'C': 1e-05, 'l1_ratio': 0.25, 'max_iter': 30.0, 'penalty': 'l2', 'solver': 'lbfgs'}",0.5807802453125843,0.5856960172084179,0.5789334125827188,0.6105772310025646,0.5655972269546973,0.5843168266121965,0.014720210397171344,136
20,0.04928131103515625,0.0070317916253536,0.0032150745391845703,0.0007678421862528126,1e-05,0.5,5.0,l2,liblinear,"{'C': 1e-05, 'l1_ratio': 0.5, 'max_iter': 5.0, 'penalty': 'l2', 'solver': 'liblinear'}",0.5863559991457544,0.593262008969579,0.5967107235178528,0.6209646221520819,0.5530654909063892,0.5900717689383315,0.02187186909242597,101
21,0.07406649589538575,0.0021814157299694793,0.003043794631958008,0.0006700914490788364,1e-05,0.5,5.0,l2,newton-cg,"{'C': 1e-05, 'l1_ratio': 0.5, 'max_iter': 5.0, 'penalty': 'l2', 'solver': 'newton-cg'}",0.5807828183415799,0.5856934441794225,0.5789359745240554,0.6106002884745945,0.5655933840426922,0.584321181912469,0.014729055868317463,131
22,0.07852702140808106,0.00862933026813125,0.003119802474975586,0.00019998465143548577,1e-05,0.5,5.0,l2,sag,"{'C': 1e-05, 'l1_ratio': 0.5, 'max_iter': 5.0, 'penalty': 'l2', 'solver': 'sag'}",0.5828155112479962,0.5857539103608159,0.5843045225950416,0.6110896192698979,0.5633375946957566,0.5854602316339017,0.015196664319447904,116
23,0.08221998214721679,0.008490122999630078,0.0038080692291259767,0.0008455963669407989,1e-05,0.5,5.0,l2,saga,"{'C': 1e-05, 'l1_ratio': 0.5, 'max_iter': 5.0, 'penalty': 'l2', 'solver': 'saga'}",0.5858388203176661,0.583973374295955,0.5875684358579557,0.6112202782780681,0.5596983570270209,0.5856598531553331,0.01633311692112922,111
24,0.04890737533569336,0.004472014354782741,0.005257844924926758,0.0015230060071129822,1e-05,0.5,5.0,l2,lbfgs,"{'C': 1e-05, 'l1_ratio': 0.5, 'max_iter': 5.0, 'penalty': 'l2', 'solver': 'lbfgs'}",0.5628346545837225,0.5750501097396866,0.564394395497132,0.5881666491600676,0.5599904183394009,0.5700872454640019,0.010377373396291197,146
25,0.06693768501281738,0.010253634650565913,0.005749797821044922,0.001934874879445495,1e-05,0.5,30.0,l2,liblinear,"{'C': 1e-05, 'l1_ratio': 0.5, 'max_iter': 30.0, 'penalty': 'l2', 'solver': 'liblinear'}",0.5863559991457544,0.593262008969579,0.5967107235178528,0.6209646221520819,0.5530654909063892,0.5900717689383315,0.02187186909242597,101
26,0.13690338134765626,0.022737431050872912,0.0046577930450439455,0.0024040535785475,1e-05,0.5,30.0,l2,newton-cg,"{'C': 1e-05, 'l1_ratio': 0.5, 'max_iter': 30.0, 'penalty': 'l2', 'solver': 'newton-cg'}",0.5807738127400957,0.5856947306939202,0.5789398174360603,0.6105772310025644,0.5655933840426922,0.5843157951830665,0.014721004923010752,141
27,0.25437564849853517,0.03873534656153812,0.003072690963745117,0.0006529970272907638,1e-05,0.5,30.0,l2,sag,"{'C': 1e-05, 'l1_ratio': 0.5, 'max_iter': 30.0, 'penalty': 'l2', 'solver': 'sag'}",0.580844571037471,0.5857281800708612,0.5789820894681155,0.6105874787679111,0.5655434261866272,0.5843371491061973,0.014731554982176449,126
28,0.3079509735107422,0.059662671400994766,0.00300140380859375,0.00076572185625848,1e-05,0.5,30.0,l2,saga,"{'C': 1e-05, 'l1_ratio': 0.5, 'max_iter': 30.0, 'penalty': 'l2', 'solver': 'saga'}",0.5815418618952417,0.5863778698922157,0.5803335135232074,0.6106387175946445,0.5645288974173069,0.5846841720645232,0.014910026727370294,121
29,0.04545660018920898,0.003897660500787369,0.0030260086059570312,0.0008449342258923614,1e-05,0.5,30.0,l2,lbfgs,"{'C': 1e-05, 'l1_ratio': 0.5, 'max_iter': 30.0, 'penalty': 'l2', 'solver': 'lbfgs'}",0.5807802453125843,0.5856960172084179,0.5789334125827188,0.6105772310025646,0.5655972269546973,0.5843168266121965,0.014720210397171344,136
30,0.06204972267150879,0.0073948366889007465,0.005877208709716797,0.002954769422319775,1e-05,0.75,5.0,l2,liblinear,"{'C': 1e-05, 'l1_ratio': 0.75, 'max_iter': 5.0, 'penalty': 'l2', 'solver': 'liblinear'}",0.5863559991457544,0.593262008969579,0.5967107235178528,0.6209646221520819,0.5530654909063892,0.5900717689383315,0.02187186909242597,101
31,0.15322723388671874,0.040153846908395664,0.004196596145629883,0.0008067528162127853,1e-05,0.75,5.0,l2,newton-cg,"{'C': 1e-05, 'l1_ratio': 0.75, 'max_iter': 5.0, 'penalty': 'l2', 'solver': 'newton-cg'}",0.5807828183415799,0.5856934441794225,0.5789359745240554,0.6106002884745945,0.5655933840426922,0.584321181912469,0.014729055868317463,131
32,0.10455141067504883,0.009134296421765931,0.004960203170776367,0.0019180009606171115,1e-05,0.75,5.0,l2,sag,"{'C': 1e-05, 'l1_ratio': 0.75, 'max_iter': 5.0, 'penalty': 'l2', 'solver': 'sag'}",0.5828155112479962,0.5857539103608159,0.5843045225950416,0.6110896192698979,0.5633375946957566,0.5854602316339017,0.015196664319447904,116
33,0.10580086708068848,0.008022039451062777,0.00588836669921875,0.002246246309628929,1e-05,0.75,5.0,l2,saga,"{'C': 1e-05, 'l1_ratio': 0.75, 'max_iter': 5.0, 'penalty': 'l2', 'solver': 'saga'}",0.5858388203176661,0.583973374295955,0.5875684358579557,0.6112202782780681,0.5596983570270209,0.5856598531553331,0.01633311692112922,111
34,0.09018988609313965,0.03215919091568409,0.005586576461791992,0.001645275999489377,1e-05,0.75,5.0,l2,lbfgs,"{'C': 1e-05, 'l1_ratio': 0.75, 'max_iter': 5.0, 'penalty': 'l2', 'solver': 'lbfgs'}",0.5628346545837225,0.5750501097396866,0.564394395497132,0.5881666491600676,0.5599904183394009,0.5700872454640019,0.010377373396291197,146
35,0.06844081878662109,0.002613310983561119,0.007745170593261718,0.0031838294133692776,1e-05,0.75,30.0,l2,liblinear,"{'C': 1e-05, 'l1_ratio': 0.75, 'max_iter': 30.0, 'penalty': 'l2', 'solver': 'liblinear'}",0.5863559991457544,0.593262008969579,0.5967107235178528,0.6209646221520819,0.5530654909063892,0.5900717689383315,0.02187186909242597,101
36,0.18853297233581542,0.033875909029742454,0.0036362171173095702,0.0006069750934617413,1e-05,0.75,30.0,l2,newton-cg,"{'C': 1e-05, 'l1_ratio': 0.75, 'max_iter': 30.0, 'penalty': 'l2', 'solver': 'newton-cg'}",0.5807738127400957,0.5856947306939202,0.5789398174360603,0.6105772310025644,0.5655933840426922,0.5843157951830665,0.014721004923010752,141
37,0.3708984375,0.0867481137091303,0.0037926197052001952,0.0010083009578630208,1e-05,0.75,30.0,l2,sag,"{'C': 1e-05, 'l1_ratio': 0.75, 'max_iter': 30.0, 'penalty': 'l2', 'solver': 'sag'}",0.580844571037471,0.5857281800708612,0.5789820894681155,0.6105874787679111,0.5655434261866272,0.5843371491061973,0.014731554982176449,126
38,0.337116003036499,0.059964229143997315,0.0031830310821533204,0.0002654729629601441,1e-05,0.75,30.0,l2,saga,"{'C': 1e-05, 'l1_ratio': 0.75, 'max_iter': 30.0, 'penalty': 'l2', 'solver': 'saga'}",0.5815418618952417,0.5863778698922157,0.5803335135232074,0.6106387175946445,0.5645288974173069,0.5846841720645232,0.014910026727370294,121
39,0.05126776695251465,0.006232588993267251,0.004338407516479492,0.0011701362016280175,1e-05,0.75,30.0,l2,lbfgs,"{'C': 1e-05, 'l1_ratio': 0.75, 'max_iter': 30.0, 'penalty': 'l2', 'solver': 'lbfgs'}",0.5807802453125843,0.5856960172084179,0.5789334125827188,0.6105772310025646,0.5655972269546973,0.5843168266121965,0.014720210397171344,136
40,0.07063231468200684,0.009935534570852838,0.0060386180877685545,0.0032275569735164327,1e-05,1.0,5.0,l2,liblinear,"{'C': 1e-05, 'l1_ratio': 1.0, 'max_iter': 5.0, 'penalty': 'l2', 'solver': 'liblinear'}",0.5863559991457544,0.593262008969579,0.5967107235178528,0.6209646221520819,0.5530654909063892,0.5900717689383315,0.02187186909242597,101
41,0.11608905792236328,0.007618330957105035,0.004628562927246093,0.0011221429278695887,1e-05,1.0,5.0,l2,newton-cg,"{'C': 1e-05, 'l1_ratio': 1.0, 'max_iter': 5.0, 'penalty': 'l2', 'solver': 'newton-cg'}",0.5807828183415799,0.5856934441794225,0.5789359745240554,0.6106002884745945,0.5655933840426922,0.584321181912469,0.014729055868317463,131
42,0.08250083923339843,0.0088113100311313,0.004802608489990234,0.0014072876203068936,1e-05,1.0,5.0,l2,sag,"{'C': 1e-05, 'l1_ratio': 1.0, 'max_iter': 5.0, 'penalty': 'l2', 'solver': 'sag'}",0.5828155112479962,0.5857539103608159,0.5843045225950416,0.6110896192698979,0.5633375946957566,0.5854602316339017,0.015196664319447904,116
43,0.08915495872497559,0.005435929267011108,0.004010057449340821,0.0006676768765526673,1e-05,1.0,5.0,l2,saga,"{'C': 1e-05, 'l1_ratio': 1.0, 'max_iter': 5.0, 'penalty': 'l2', 'solver': 'saga'}",0.5858388203176661,0.583973374295955,0.5875684358579557,0.6112202782780681,0.5596983570270209,0.5856598531553331,0.01633311692112922,111
44,0.04016256332397461,0.006382495073513663,0.003641986846923828,0.001064115795813319,1e-05,1.0,5.0,l2,lbfgs,"{'C': 1e-05, 'l1_ratio': 1.0, 'max_iter': 5.0, 'penalty': 'l2', 'solver': 'lbfgs'}",0.5628346545837225,0.5750501097396866,0.564394395497132,0.5881666491600676,0.5599904183394009,0.5700872454640019,0.010377373396291197,146
45,0.06202998161315918,0.008499100235181953,0.0038088321685791015,0.0007077971127705503,1e-05,1.0,30.0,l2,liblinear,"{'C': 1e-05, 'l1_ratio': 1.0, 'max_iter': 30.0, 'penalty': 'l2', 'solver': 'liblinear'}",0.5863559991457544,0.593262008969579,0.5967107235178528,0.6209646221520819,0.5530654909063892,0.5900717689383315,0.02187186909242597,101
46,0.15040383338928223,0.022658623529388276,0.0038332462310791014,0.0009745185340119824,1e-05,1.0,30.0,l2,newton-cg,"{'C': 1e-05, 'l1_ratio': 1.0, 'max_iter': 30.0, 'penalty': 'l2', 'solver': 'newton-cg'}",0.5807738127400957,0.5856947306939202,0.5789398174360603,0.6105772310025644,0.5655933840426922,0.5843157951830665,0.014721004923010752,141
47,0.3202017307281494,0.05634759496607628,0.004234886169433594,0.0021861568569447776,1e-05,1.0,30.0,l2,sag,"{'C': 1e-05, 'l1_ratio': 1.0, 'max_iter': 30.0, 'penalty': 'l2', 'solver': 'sag'}",0.580844571037471,0.5857281800708612,0.5789820894681155,0.6105874787679111,0.5655434261866272,0.5843371491061973,0.014731554982176449,126
48,0.35686626434326174,0.04934864870037011,0.003949928283691406,0.00146277607706979,1e-05,1.0,30.0,l2,saga,"{'C': 1e-05, 'l1_ratio': 1.0, 'max_iter': 30.0, 'penalty': 'l2', 'solver': 'saga'}",0.5815418618952417,0.5863778698922157,0.5803335135232074,0.6106387175946445,0.5645288974173069,0.5846841720645232,0.014910026727370294,121
49,0.05335192680358887,0.010333431527720214,0.003176593780517578,0.00016314344889773884,1e-05,1.0,30.0,l2,lbfgs,"{'C': 1e-05, 'l1_ratio': 1.0, 'max_iter': 30.0, 'penalty': 'l2', 'solver': 'lbfgs'}",0.5807802453125843,0.5856960172084179,0.5789334125827188,0.6105772310025646,0.5655972269546973,0.5843168266121965,0.014720210397171344,136
50,0.21992359161376954,0.034263656937057574,0.003448152542114258,0.00023577008717587107,1.500005,0.0,5.0,l2,liblinear,"{'C': 1.500005, 'l1_ratio': 0.0, 'max_iter': 5.0, 'penalty': 'l2', 'solver': 'liblinear'}",0.5942474790748417,0.6012023764495802,0.5916675419966233,0.6127471953147217,0.5998183583592303,0.5999365902389995,0.007300286851724371,46
51,0.09631757736206055,0.00966049661192587,0.004501247406005859,0.0014389082726144367,1.500005,0.0,5.0,l2,newton-cg,"{'C': 1.500005, 'l1_ratio': 0.0, 'max_iter': 5.0, 'penalty': 'l2', 'solver': 'newton-cg'}",0.5985418644682707,0.6027436208178629,0.5951018243584258,0.6271004716534001,0.6023213750451543,0.6051618312686228,0.011315896559664737,6
52,0.07794322967529296,0.004974060497665555,0.004047822952270508,0.0010693055294281168,1.500005,0.0,5.0,l2,sag,"{'C': 1.500005, 'l1_ratio': 0.0, 'max_iter': 5.0, 'penalty': 'l2', 'solver': 'sag'}",0.5917838038116852,0.5989754198540064,0.5989216788913967,0.631956631457053,0.5689982040791229,0.5981271476186529,0.020171852591587797,76
53,0.08545994758605957,0.012586662368634394,0.0037526607513427733,0.0003689051652889828,1.500005,0.0,5.0,l2,saga,"{'C': 1.500005, 'l1_ratio': 0.0, 'max_iter': 5.0, 'penalty': 'l2', 'solver': 'saga'}",0.593622233028944,0.5954606622462029,0.6012299880357339,0.6326342649406014,0.5668256778256291,0.5979545652154222,0.021011455218526428,86
54,0.029837989807128908,0.004774883650586116,0.003943157196044922,0.00017537655807325903,1.500005,0.0,5.0,l2,lbfgs,"{'C': 1.500005, 'l1_ratio': 0.0, 'max_iter': 5.0, 'penalty': 'l2', 'solver': 'lbfgs'}",0.5934562726587366,0.6010145453329114,0.5833527613884698,0.6242925839484128,0.5756118556397296,0.5955456037936521,0.016773092830786988,91
55,0.43877425193786623,0.08344105391895586,0.003909778594970703,0.0003252758017218116,1.500005,0.0,30.0,l2,liblinear,"{'C': 1.500005, 'l1_ratio': 0.0, 'max_iter': 30.0, 'penalty': 'l2', 'solver': 'liblinear'}",0.5946771749170843,0.6012872864064306,0.5916214270525634,0.612437200412985,0.5997453430311352,0.5999536863640398,0.007140422078717488,41
56,0.5309710025787353,0.05319563187097344,0.003940153121948242,0.0004599178658519756,1.500005,0.0,30.0,l2,newton-cg,"{'C': 1.500005, 'l1_ratio': 0.0, 'max_iter': 30.0, 'penalty': 'l2', 'solver': 'newton-cg'}",0.5946385794821523,0.6013001515514079,0.5915599404604833,0.6124128619702865,0.5997312523537837,0.5999285571636228,0.0071525614468216665,51
57,0.28487281799316405,0.01308613059944967,0.0031891345977783205,0.0009692272637116999,1.500005,0.0,30.0,l2,sag,"{'C': 1.500005, 'l1_ratio': 0.0, 'max_iter': 30.0, 'penalty': 'l2', 'solver': 'sag'}",0.5965117445908499,0.6026201154260807,0.5939668843462822,0.6307422712634726,0.5861311867680854,0.6019944404789541,0.015316485719085785,11
58,0.35683021545410154,0.08310443496596381,0.0037941932678222656,0.0013511178563758782,1.500005,0.0,30.0,l2,saga,"{'C': 1.500005, 'l1_ratio': 0.0, 'max_iter': 30.0, 'penalty': 'l2', 'solver': 'saga'}",0.5954156342387823,0.6019202515393146,0.5954553722628858,0.6332593786267482,0.5800324854161489,0.601216624416776,0.017566129039216553,36
59,0.09885740280151367,0.015418625316348763,0.0030728816986083985,0.00039824081197684265,1.500005,0.0,30.0,l2,lbfgs,"{'C': 1.500005, 'l1_ratio': 0.0, 'max_iter': 30.0, 'penalty': 'l2', 'solver': 'lbfgs'}",0.5959443916973501,0.6007302256289127,0.5912986224441432,0.618542306618263,0.6013234988945223,0.6015678090566383,0.009230100946385251,21
60,0.20130386352539062,0.05715623038737574,0.0038043498992919923,0.0010691842047617288,1.500005,0.25,5.0,l2,liblinear,"{'C': 1.500005, 'l1_ratio': 0.25, 'max_iter': 5.0, 'penalty': 'l2', 'solver': 'liblinear'}",0.5942474790748417,0.6012023764495802,0.5916675419966233,0.6127471953147217,0.5998183583592303,0.5999365902389995,0.007300286851724371,46
61,0.10865387916564942,0.013699668209584043,0.004738807678222656,0.0015685038674672401,1.500005,0.25,5.0,l2,newton-cg,"{'C': 1.500005, 'l1_ratio': 0.25, 'max_iter': 5.0, 'penalty': 'l2', 'solver': 'newton-cg'}",0.5985418644682707,0.6027436208178629,0.5951018243584258,0.6271004716534001,0.6023213750451543,0.6051618312686228,0.011315896559664737,6
62,0.08657793998718262,0.00967120863819755,0.004450607299804688,0.0020753800534751743,1.500005,0.25,5.0,l2,sag,"{'C': 1.500005, 'l1_ratio': 0.25, 'max_iter': 5.0, 'penalty': 'l2', 'solver': 'sag'}",0.5917838038116852,0.5989754198540064,0.5989216788913967,0.631956631457053,0.5689982040791229,0.5981271476186529,0.020171852591587797,76
63,0.08700747489929199,0.01022580765526815,0.0032964229583740236,0.0001934960535398132,1.500005,0.25,5.0,l2,saga,"{'C': 1.500005, 'l1_ratio': 0.25, 'max_iter': 5.0, 'penalty': 'l2', 'solver': 'saga'}",0.593622233028944,0.5954606622462029,0.6012299880357339,0.6326342649406014,0.5668256778256291,0.5979545652154222,0.021011455218526428,86
64,0.03655567169189453,0.004095129797054941,0.004926633834838867,0.0017556163681725124,1.500005,0.25,5.0,l2,lbfgs,"{'C': 1.500005, 'l1_ratio': 0.25, 'max_iter': 5.0, 'penalty': 'l2', 'solver': 'lbfgs'}",0.5934562726587366,0.6010145453329114,0.5833527613884698,0.6242925839484128,0.5756118556397296,0.5955456037936521,0.016773092830786988,91
65,0.39153423309326174,0.09795714012939831,0.003961086273193359,0.00097725806666631,1.500005,0.25,30.0,l2,liblinear,"{'C': 1.500005, 'l1_ratio': 0.25, 'max_iter': 30.0, 'penalty': 'l2', 'solver': 'liblinear'}",0.5946771749170843,0.6012872864064306,0.5916214270525634,0.612437200412985,0.5997453430311352,0.5999536863640398,0.007140422078717488,41
66,0.5747401714324951,0.02727401906501434,0.004061222076416016,0.00044736817965122767,1.500005,0.25,30.0,l2,newton-cg,"{'C': 1.500005, 'l1_ratio': 0.25, 'max_iter': 30.0, 'penalty': 'l2', 'solver': 'newton-cg'}",0.5946385794821523,0.6013001515514079,0.5915599404604833,0.6124128619702865,0.5997312523537837,0.5999285571636228,0.0071525614468216665,51
67,0.30254039764404295,0.014362209250808451,0.0029941558837890624,0.0005345949084340779,1.500005,0.25,30.0,l2,sag,"{'C': 1.500005, 'l1_ratio': 0.25, 'max_iter': 30.0, 'penalty': 'l2', 'solver': 'sag'}",0.5965117445908499,0.6026201154260807,0.5939668843462822,0.6307422712634726,0.5861311867680854,0.6019944404789541,0.015316485719085785,11
68,0.3055131912231445,0.028793206399796486,0.002934980392456055,0.0008211962451157431,1.500005,0.25,30.0,l2,saga,"{'C': 1.500005, 'l1_ratio': 0.25, 'max_iter': 30.0, 'penalty': 'l2', 'solver': 'saga'}",0.5954156342387823,0.6019202515393146,0.5954553722628858,0.6332593786267482,0.5800324854161489,0.601216624416776,0.017566129039216553,36
69,0.10522565841674805,0.013217759241081243,0.004842996597290039,0.0023855904637427507,1.500005,0.25,30.0,l2,lbfgs,"{'C': 1.500005, 'l1_ratio': 0.25, 'max_iter': 30.0, 'penalty': 'l2', 'solver': 'lbfgs'}",0.5959443916973501,0.6007302256289127,0.5912986224441432,0.618542306618263,0.6013234988945223,0.6015678090566383,0.009230100946385251,21
70,0.2105625629425049,0.024967169312949053,0.0037747859954833985,0.000502655343058001,1.500005,0.5,5.0,l2,liblinear,"{'C': 1.500005, 'l1_ratio': 0.5, 'max_iter': 5.0, 'penalty': 'l2', 'solver': 'liblinear'}",0.5942474790748417,0.6012023764495802,0.5916675419966233,0.6127471953147217,0.5998183583592303,0.5999365902389995,0.007300286851724371,46
71,0.09108438491821289,0.008354683022765291,0.0038957118988037108,0.0012488756286567501,1.500005,0.5,5.0,l2,newton-cg,"{'C': 1.500005, 'l1_ratio': 0.5, 'max_iter': 5.0, 'penalty': 'l2', 'solver': 'newton-cg'}",0.5985418644682707,0.6027436208178629,0.5951018243584258,0.6271004716534001,0.6023213750451543,0.6051618312686228,0.011315896559664737,6
72,0.09179301261901855,0.00923484321399483,0.0047756671905517575,0.0013340378640728894,1.500005,0.5,5.0,l2,sag,"{'C': 1.500005, 'l1_ratio': 0.5, 'max_iter': 5.0, 'penalty': 'l2', 'solver': 'sag'}",0.5917838038116852,0.5989754198540064,0.5989216788913967,0.631956631457053,0.5689982040791229,0.5981271476186529,0.020171852591587797,76
73,0.08772163391113282,0.0056817895448236806,0.005571603775024414,0.0021682988706639736,1.500005,0.5,5.0,l2,saga,"{'C': 1.500005, 'l1_ratio': 0.5, 'max_iter': 5.0, 'penalty': 'l2', 'solver': 'saga'}",0.593622233028944,0.5954606622462029,0.6012299880357339,0.6326342649406014,0.5668256778256291,0.5979545652154222,0.021011455218526428,86
74,0.04312591552734375,0.005122181529372753,0.008237838745117188,0.004582729901185688,1.500005,0.5,5.0,l2,lbfgs,"{'C': 1.500005, 'l1_ratio': 0.5, 'max_iter': 5.0, 'penalty': 'l2', 'solver': 'lbfgs'}",0.5934562726587366,0.6010145453329114,0.5833527613884698,0.6242925839484128,0.5756118556397296,0.5955456037936521,0.016773092830786988,91
75,0.38716855049133303,0.0907605798400186,0.004428958892822266,0.0005286788341759724,1.500005,0.5,30.0,l2,liblinear,"{'C': 1.500005, 'l1_ratio': 0.5, 'max_iter': 30.0, 'penalty': 'l2', 'solver': 'liblinear'}",0.5946771749170843,0.6012872864064306,0.5916214270525634,0.612437200412985,0.5997453430311352,0.5999536863640398,0.007140422078717488,41
76,0.5826409339904786,0.0361141889451589,0.0043675899505615234,0.000950969340796955,1.500005,0.5,30.0,l2,newton-cg,"{'C': 1.500005, 'l1_ratio': 0.5, 'max_iter': 30.0, 'penalty': 'l2', 'solver': 'newton-cg'}",0.5946385794821523,0.6013001515514079,0.5915599404604833,0.6124128619702865,0.5997312523537837,0.5999285571636228,0.0071525614468216665,51
77,0.29833049774169923,0.011563058433149675,0.003052234649658203,0.0009088192375593274,1.500005,0.5,30.0,l2,sag,"{'C': 1.500005, 'l1_ratio': 0.5, 'max_iter': 30.0, 'penalty': 'l2', 'solver': 'sag'}",0.5965117445908499,0.6026201154260807,0.5939668843462822,0.6307422712634726,0.5861311867680854,0.6019944404789541,0.015316485719085785,11
78,0.3171046257019043,0.018534464680149538,0.002804422378540039,0.00032808716825000775,1.500005,0.5,30.0,l2,saga,"{'C': 1.500005, 'l1_ratio': 0.5, 'max_iter': 30.0, 'penalty': 'l2', 'solver': 'saga'}",0.5954156342387823,0.6019202515393146,0.5954553722628858,0.6332593786267482,0.5800324854161489,0.601216624416776,0.017566129039216553,36
79,0.11205081939697266,0.014594702131779,0.003285980224609375,0.0004919856339647014,1.500005,0.5,30.0,l2,lbfgs,"{'C': 1.500005, 'l1_ratio': 0.5, 'max_iter': 30.0, 'penalty': 'l2', 'solver': 'lbfgs'}",0.5959443916973501,0.6007302256289127,0.5912986224441432,0.618542306618263,0.6013234988945223,0.6015678090566383,0.009230100946385251,21
80,0.21196565628051758,0.03286622884330412,0.004473876953125,0.00043338048620936403,1.500005,0.75,5.0,l2,liblinear,"{'C': 1.500005, 'l1_ratio': 0.75, 'max_iter': 5.0, 'penalty': 'l2', 'solver': 'liblinear'}",0.5942474790748417,0.6012023764495802,0.5916675419966233,0.6127471953147217,0.5998183583592303,0.5999365902389995,0.007300286851724371,46
81,0.09787168502807617,0.010748485498135087,0.003697061538696289,0.00035687916904136575,1.500005,0.75,5.0,l2,newton-cg,"{'C': 1.500005, 'l1_ratio': 0.75, 'max_iter': 5.0, 'penalty': 'l2', 'solver': 'newton-cg'}",0.5985418644682707,0.6027436208178629,0.5951018243584258,0.6271004716534001,0.6023213750451543,0.6051618312686228,0.011315896559664737,6
82,0.0911285400390625,0.010747768481775026,0.004511833190917969,0.002657144641744851,1.500005,0.75,5.0,l2,sag,"{'C': 1.500005, 'l1_ratio': 0.75, 'max_iter': 5.0, 'penalty': 'l2', 'solver': 'sag'}",0.5917838038116852,0.5989754198540064,0.5989216788913967,0.631956631457053,0.5689982040791229,0.5981271476186529,0.020171852591587797,76
83,0.08948063850402832,0.007829815751910243,0.004944753646850586,0.0019169489259291683,1.500005,0.75,5.0,l2,saga,"{'C': 1.500005, 'l1_ratio': 0.75, 'max_iter': 5.0, 'penalty': 'l2', 'solver': 'saga'}",0.593622233028944,0.5954606622462029,0.6012299880357339,0.6326342649406014,0.5668256778256291,0.5979545652154222,0.021011455218526428,86
84,0.03968381881713867,0.004812803060268299,0.006187009811401367,0.001629117304557295,1.500005,0.75,5.0,l2,lbfgs,"{'C': 1.500005, 'l1_ratio': 0.75, 'max_iter': 5.0, 'penalty': 'l2', 'solver': 'lbfgs'}",0.5934562726587366,0.6010145453329114,0.5833527613884698,0.6242925839484128,0.5756118556397296,0.5955456037936521,0.016773092830786988,91
85,0.4030667781829834,0.08991043503251363,0.004127359390258789,0.0007621705621338072,1.500005,0.75,30.0,l2,liblinear,"{'C': 1.500005, 'l1_ratio': 0.75, 'max_iter': 30.0, 'penalty': 'l2', 'solver': 'liblinear'}",0.5946771749170843,0.6012872864064306,0.5916214270525634,0.612437200412985,0.5997453430311352,0.5999536863640398,0.007140422078717488,41
86,0.5868983268737793,0.03752932550192083,0.0038327693939208983,0.0002786417181598572,1.500005,0.75,30.0,l2,newton-cg,"{'C': 1.500005, 'l1_ratio': 0.75, 'max_iter': 30.0, 'penalty': 'l2', 'solver': 'newton-cg'}",0.5946385794821523,0.6013001515514079,0.5915599404604833,0.6124128619702865,0.5997312523537837,0.5999285571636228,0.0071525614468216665,51
87,0.30567755699157717,0.00928191744769651,0.003301095962524414,0.0004903338176386676,1.500005,0.75,30.0,l2,sag,"{'C': 1.500005, 'l1_ratio': 0.75, 'max_iter': 30.0, 'penalty': 'l2', 'solver': 'sag'}",0.5965117445908499,0.6026201154260807,0.5939668843462822,0.6307422712634726,0.5861311867680854,0.6019944404789541,0.015316485719085785,11
88,0.3176137924194336,0.02275981302119493,0.0031797409057617186,0.00022132757160941996,1.500005,0.75,30.0,l2,saga,"{'C': 1.500005, 'l1_ratio': 0.75, 'max_iter': 30.0, 'penalty': 'l2', 'solver': 'saga'}",0.5954156342387823,0.6019202515393146,0.5954553722628858,0.6332593786267482,0.5800324854161489,0.601216624416776,0.017566129039216553,36
89,0.11871199607849121,0.013393744481900418,0.0036893844604492187,0.00047738793512097904,1.500005,0.75,30.0,l2,lbfgs,"{'C': 1.500005, 'l1_ratio': 0.75, 'max_iter': 30.0, 'penalty': 'l2', 'solver': 'lbfgs'}",0.5959443916973501,0.6007302256289127,0.5912986224441432,0.618542306618263,0.6013234988945223,0.6015678090566383,0.009230100946385251,21
90,0.20037636756896973,0.020837620638289207,0.0036841869354248048,0.000621275406240933,1.500005,1.0,5.0,l2,liblinear,"{'C': 1.500005, 'l1_ratio': 1.0, 'max_iter': 5.0, 'penalty': 'l2', 'solver': 'liblinear'}",0.5942474790748417,0.6012023764495802,0.5916675419966233,0.6127471953147217,0.5998183583592303,0.5999365902389995,0.007300286851724371,46
91,0.10306119918823242,0.015498754172552089,0.003887844085693359,0.0005642192353135891,1.500005,1.0,5.0,l2,newton-cg,"{'C': 1.500005, 'l1_ratio': 1.0, 'max_iter': 5.0, 'penalty': 'l2', 'solver': 'newton-cg'}",0.5985418644682707,0.6027436208178629,0.5951018243584258,0.6271004716534001,0.6023213750451543,0.6051618312686228,0.011315896559664737,6
92,0.08733859062194824,0.011881490841802227,0.004111814498901367,0.000654684835564489,1.500005,1.0,5.0,l2,sag,"{'C': 1.500005, 'l1_ratio': 1.0, 'max_iter': 5.0, 'penalty': 'l2', 'solver': 'sag'}",0.5917838038116852,0.5989754198540064,0.5989216788913967,0.631956631457053,0.5689982040791229,0.5981271476186529,0.020171852591587797,76
93,0.08610849380493164,0.013013187121727613,0.003847980499267578,0.000858743816001383,1.500005,1.0,5.0,l2,saga,"{'C': 1.500005, 'l1_ratio': 1.0, 'max_iter': 5.0, 'penalty': 'l2', 'solver': 'saga'}",0.593622233028944,0.5954606622462029,0.6012299880357339,0.6326342649406014,0.5668256778256291,0.5979545652154222,0.021011455218526428,86
94,0.03906316757202148,0.005356284951582776,0.005569362640380859,0.0012647473007546413,1.500005,1.0,5.0,l2,lbfgs,"{'C': 1.500005, 'l1_ratio': 1.0, 'max_iter': 5.0, 'penalty': 'l2', 'solver': 'lbfgs'}",0.5934562726587366,0.6010145453329114,0.5833527613884698,0.6242925839484128,0.5756118556397296,0.5955456037936521,0.016773092830786988,91
95,0.3919536113739014,0.08942235620791467,0.004068517684936523,0.0005698397684996721,1.500005,1.0,30.0,l2,liblinear,"{'C': 1.500005, 'l1_ratio': 1.0, 'max_iter': 30.0, 'penalty': 'l2', 'solver': 'liblinear'}",0.5946771749170843,0.6012872864064306,0.5916214270525634,0.612437200412985,0.5997453430311352,0.5999536863640398,0.007140422078717488,41
96,0.5817662239074707,0.03824416132422787,0.004525327682495117,0.0008574587764394409,1.500005,1.0,30.0,l2,newton-cg,"{'C': 1.500005, 'l1_ratio': 1.0, 'max_iter': 30.0, 'penalty': 'l2', 'solver': 'newton-cg'}",0.5946385794821523,0.6013001515514079,0.5915599404604833,0.6124128619702865,0.5997312523537837,0.5999285571636228,0.0071525614468216665,51
97,0.2909404754638672,0.00890046924085228,0.003479671478271484,0.0004615433291463008,1.500005,1.0,30.0,l2,sag,"{'C': 1.500005, 'l1_ratio': 1.0, 'max_iter': 30.0, 'penalty': 'l2', 'solver': 'sag'}",0.5965117445908499,0.6026201154260807,0.5939668843462822,0.6307422712634726,0.5861311867680854,0.6019944404789541,0.015316485719085785,11
98,0.3074367523193359,0.01563069218710677,0.0035494327545166015,0.0005658771751388101,1.500005,1.0,30.0,l2,saga,"{'C': 1.500005, 'l1_ratio': 1.0, 'max_iter': 30.0, 'penalty': 'l2', 'solver': 'saga'}",0.5954156342387823,0.6019202515393146,0.5954553722628858,0.6332593786267482,0.5800324854161489,0.601216624416776,0.017566129039216553,36
99,0.11473684310913086,0.010382118877137116,0.004621458053588867,0.0010903790411245999,1.500005,1.0,30.0,l2,lbfgs,"{'C': 1.500005, 'l1_ratio': 1.0, 'max_iter': 30.0, 'penalty': 'l2', 'solver': 'lbfgs'}",0.5959443916973501,0.6007302256289127,0.5912986224441432,0.618542306618263,0.6013234988945223,0.6015678090566383,0.009230100946385251,21
100,0.21689314842224122,0.03297177389727444,0.004187202453613282,0.0019673127198524434,3.0,0.0,5.0,l2,liblinear,"{'C': 3.0, 'l1_ratio': 0.0, 'max_iter': 5.0, 'penalty': 'l2', 'solver': 'liblinear'}",0.5936235195434417,0.6012113820510643,0.5916188651112266,0.6106169410932828,0.5990254375155318,0.5992192290629095,0.006678196844113954,66
101,0.10021805763244629,0.014410302831079655,0.004500722885131836,0.0010147615760856472,3.0,0.0,5.0,l2,newton-cg,"{'C': 3.0, 'l1_ratio': 0.0, 'max_iter': 5.0, 'penalty': 'l2', 'solver': 'newton-cg'}",0.5985573026422435,0.6027371882453744,0.5951300057131291,0.6270748522400333,0.6023469944585208,0.6051692686598603,0.011298139085086078,1
102,0.07959351539611817,0.01060011030432014,0.0032866477966308595,0.00019783952432116716,3.0,0.0,5.0,l2,sag,"{'C': 3.0, 'l1_ratio': 0.0, 'max_iter': 5.0, 'penalty': 'l2', 'solver': 'sag'}",0.591788949869676,0.5989805659119972,0.5989203979207283,0.6319579124277211,0.568998204079123,0.5981292060418492,0.020171991957366884,71
103,0.08726420402526855,0.005276195647643308,0.004313182830810547,0.001574399482834698,3.0,0.0,5.0,l2,saga,"{'C': 3.0, 'l1_ratio': 0.0, 'max_iter': 5.0, 'penalty': 'l2', 'solver': 'saga'}",0.5936248060579395,0.5954606622462029,0.6012325499770705,0.632632983969933,0.5668282397669658,0.5979558484036225,0.021010247049869975,81
104,0.03710947036743164,0.005585293044312318,0.004488658905029297,0.0009174598647766427,3.0,0.0,5.0,l2,lbfgs,"{'C': 3.0, 'l1_ratio': 0.0, 'max_iter': 5.0, 'penalty': 'l2', 'solver': 'lbfgs'}",0.5934601322022297,0.6010171183619069,0.5833450755644598,0.6242925839484128,0.5756054507863879,0.5955440721726795,0.016775804664710247,96
105,0.3967477798461914,0.07843132736329143,0.003546333312988281,0.0008064435410856165,3.0,0.0,30.0,l2,liblinear,"{'C': 3.0, 'l1_ratio': 0.0, 'max_iter': 30.0, 'penalty': 'l2', 'solver': 'liblinear'}",0.5942899340532668,0.6013040110949011,0.59150870163375,0.6106771467146945,0.5987013519364434,0.5992962290866111,0.006627502203149803,56
106,0.661353874206543,0.09586119383376586,0.003964090347290039,0.000997941097857808,3.0,0.0,30.0,l2,newton-cg,"{'C': 3.0, 'l1_ratio': 0.0, 'max_iter': 30.0, 'penalty': 'l2', 'solver': 'newton-cg'}",0.5942667767923077,0.6013014380659055,0.5914843631910517,0.6106233459466245,0.5987077567897849,0.599276736157135,0.0066179978593915376,61
107,0.2547583103179932,0.005336833599150598,0.0028266429901123045,0.0005124732770330434,3.0,0.0,30.0,l2,sag,"{'C': 3.0, 'l1_ratio': 0.0, 'max_iter': 30.0, 'penalty': 'l2', 'solver': 'sag'}",0.5965040255038634,0.6026149693680898,0.5939668843462822,0.6307268996154526,0.5861311867680854,0.6019887931203547,0.015311226188824979,16
108,0.2763829708099365,0.006926544248667792,0.004804277420043945,0.002750080051722435,3.0,0.0,30.0,l2,saga,"{'C': 3.0, 'l1_ratio': 0.0, 'max_iter': 30.0, 'penalty': 'l2', 'solver': 'saga'}",0.5954104881807913,0.6019215380538123,0.5954553722628859,0.6332593786267482,0.5800427331814956,0.6012179020611467,0.01756400812371423,31
109,0.11675872802734374,0.0059204525295472816,0.0038973331451416016,0.0002711510339510394,3.0,0.0,30.0,l2,lbfgs,"{'C': 3.0, 'l1_ratio': 0.0, 'max_iter': 30.0, 'penalty': 'l2', 'solver': 'lbfgs'}",0.5955558643190351,0.6006710459620169,0.5912870937081283,0.6182156590978379,0.6013427134545472,0.601414475308313,0.00916214815952497,26
110,0.22721023559570314,0.028482060632313257,0.003376197814941406,0.0004362674185365827,3.0,0.25,5.0,l2,liblinear,"{'C': 3.0, 'l1_ratio': 0.25, 'max_iter': 5.0, 'penalty': 'l2', 'solver': 'liblinear'}",0.5936235195434417,0.6012113820510643,0.5916188651112266,0.6106169410932828,0.5990254375155318,0.5992192290629095,0.006678196844113954,66
111,0.09874358177185058,0.009074852677686854,0.0040915489196777345,0.0008801094970992491,3.0,0.25,5.0,l2,newton-cg,"{'C': 3.0, 'l1_ratio': 0.25, 'max_iter': 5.0, 'penalty': 'l2', 'solver': 'newton-cg'}",0.5985573026422435,0.6027371882453744,0.5951300057131291,0.6270748522400333,0.6023469944585208,0.6051692686598603,0.011298139085086078,1
112,0.09390454292297364,0.009658263765086994,0.003861665725708008,0.0006614236736724287,3.0,0.25,5.0,l2,sag,"{'C': 3.0, 'l1_ratio': 0.25, 'max_iter': 5.0, 'penalty': 'l2', 'solver': 'sag'}",0.591788949869676,0.5989805659119972,0.5989203979207283,0.6319579124277211,0.568998204079123,0.5981292060418492,0.020171991957366884,71
113,0.08488640785217286,0.003945609192125802,0.0040759086608886715,0.0009403045059599507,3.0,0.25,5.0,l2,saga,"{'C': 3.0, 'l1_ratio': 0.25, 'max_iter': 5.0, 'penalty': 'l2', 'solver': 'saga'}",0.5936248060579395,0.5954606622462029,0.6012325499770705,0.632632983969933,0.5668282397669658,0.5979558484036225,0.021010247049869975,81
114,0.0361696720123291,0.007722025714267583,0.006674480438232422,0.002821339258229367,3.0,0.25,5.0,l2,lbfgs,"{'C': 3.0, 'l1_ratio': 0.25, 'max_iter': 5.0, 'penalty': 'l2', 'solver': 'lbfgs'}",0.5934601322022297,0.6010171183619069,0.5833450755644598,0.6242925839484128,0.5756054507863879,0.5955440721726795,0.016775804664710247,96
115,0.38422651290893556,0.07117650921664509,0.0035076141357421875,0.0002025074696511567,3.0,0.25,30.0,l2,liblinear,"{'C': 3.0, 'l1_ratio': 0.25, 'max_iter': 30.0, 'penalty': 'l2', 'solver': 'liblinear'}",0.5942899340532668,0.6013040110949011,0.59150870163375,0.6106771467146945,0.5987013519364434,0.5992962290866111,0.006627502203149803,56
116,0.5682514667510986,0.05862056419303871,0.004155731201171875,0.0013511200575496976,3.0,0.25,30.0,l2,newton-cg,"{'C': 3.0, 'l1_ratio': 0.25, 'max_iter': 30.0, 'penalty': 'l2', 'solver': 'newton-cg'}",0.5942667767923077,0.6013014380659055,0.5914843631910517,0.6106233459466245,0.5987077567897849,0.599276736157135,0.0066179978593915376,61
117,0.2514493942260742,0.010754829527053271,0.003040456771850586,0.00042687815869736965,3.0,0.25,30.0,l2,sag,"{'C': 3.0, 'l1_ratio': 0.25, 'max_iter': 30.0, 'penalty': 'l2', 'solver': 'sag'}",0.5965040255038634,0.6026149693680898,0.5939668843462822,0.6307268996154526,0.5861311867680854,0.6019887931203547,0.015311226188824979,16
118,0.26837310791015623,0.01678386058653663,0.0034807205200195314,0.0007285450957597197,3.0,0.25,30.0,l2,saga,"{'C': 3.0, 'l1_ratio': 0.25, 'max_iter': 30.0, 'penalty': 'l2', 'solver': 'saga'}",0.5954104881807913,0.6019215380538123,0.5954553722628859,0.6332593786267482,0.5800427331814956,0.6012179020611467,0.01756400812371423,31
119,0.12413811683654785,0.012918891041743052,0.004884004592895508,0.0030903913267925297,3.0,0.25,30.0,l2,lbfgs,"{'C': 3.0, 'l1_ratio': 0.25, 'max_iter': 30.0, 'penalty': 'l2', 'solver': 'lbfgs'}",0.5955558643190351,0.6006710459620169,0.5912870937081283,0.6182156590978379,0.6013427134545472,0.601414475308313,0.00916214815952497,26
120,0.21340103149414064,0.03168781095834352,0.0029877185821533202,0.0004101550399440984,3.0,0.5,5.0,l2,liblinear,"{'C': 3.0, 'l1_ratio': 0.5, 'max_iter': 5.0, 'penalty': 'l2', 'solver': 'liblinear'}",0.5936235195434417,0.6012113820510643,0.5916188651112266,0.6106169410932828,0.5990254375155318,0.5992192290629095,0.006678196844113954,66
121,0.11132721900939942,0.016908531666224778,0.003942728042602539,0.0006238524341060197,3.0,0.5,5.0,l2,newton-cg,"{'C': 3.0, 'l1_ratio': 0.5, 'max_iter': 5.0, 'penalty': 'l2', 'solver': 'newton-cg'}",0.5985573026422435,0.6027371882453744,0.5951300057131291,0.6270748522400333,0.6023469944585208,0.6051692686598603,0.011298139085086078,1
122,0.08693804740905761,0.011692531172345403,0.004189443588256836,0.0009304208287808899,3.0,0.5,5.0,l2,sag,"{'C': 3.0, 'l1_ratio': 0.5, 'max_iter': 5.0, 'penalty': 'l2', 'solver': 'sag'}",0.591788949869676,0.5989805659119972,0.5989203979207283,0.6319579124277211,0.568998204079123,0.5981292060418492,0.020171991957366884,71
123,0.0862161636352539,0.004728053277168602,0.004135036468505859,0.0010619568677863078,3.0,0.5,5.0,l2,saga,"{'C': 3.0, 'l1_ratio': 0.5, 'max_iter': 5.0, 'penalty': 'l2', 'solver': 'saga'}",0.5936248060579395,0.5954606622462029,0.6012325499770705,0.632632983969933,0.5668282397669658,0.5979558484036225,0.021010247049869975,81
124,0.03423042297363281,0.009533209257304782,0.0045203685760498045,0.0019412194349561294,3.0,0.5,5.0,l2,lbfgs,"{'C': 3.0, 'l1_ratio': 0.5, 'max_iter': 5.0, 'penalty': 'l2', 'solver': 'lbfgs'}",0.5934601322022297,0.6010171183619069,0.5833450755644598,0.6242925839484128,0.5756054507863879,0.5955440721726795,0.016775804664710247,96
125,0.3780970573425293,0.07700499422316368,0.004011011123657227,0.000842033810124498,3.0,0.5,30.0,l2,liblinear,"{'C': 3.0, 'l1_ratio': 0.5, 'max_iter': 30.0, 'penalty': 'l2', 'solver': 'liblinear'}",0.5942899340532668,0.6013040110949011,0.59150870163375,0.6106771467146945,0.5987013519364434,0.5992962290866111,0.006627502203149803,56
126,0.5687326431274414,0.056647911439123996,0.004270792007446289,0.0013642829340504959,3.0,0.5,30.0,l2,newton-cg,"{'C': 3.0, 'l1_ratio': 0.5, 'max_iter': 30.0, 'penalty': 'l2', 'solver': 'newton-cg'}",0.5942667767923077,0.6013014380659055,0.5914843631910517,0.6106233459466245,0.5987077567897849,0.599276736157135,0.0066179978593915376,61
127,0.25421142578125,0.005145201321273719,0.003602123260498047,0.0007795766439725802,3.0,0.5,30.0,l2,sag,"{'C': 3.0, 'l1_ratio': 0.5, 'max_iter': 30.0, 'penalty': 'l2', 'solver': 'sag'}",0.5965040255038634,0.6026149693680898,0.5939668843462822,0.6307268996154526,0.5861311867680854,0.6019887931203547,0.015311226188824979,16
128,0.26102123260498045,0.008102055355384783,0.0033392906188964844,0.0007453751080184849,3.0,0.5,30.0,l2,saga,"{'C': 3.0, 'l1_ratio': 0.5, 'max_iter': 30.0, 'penalty': 'l2', 'solver': 'saga'}",0.5954104881807913,0.6019215380538123,0.5954553722628859,0.6332593786267482,0.5800427331814956,0.6012179020611467,0.01756400812371423,31
129,0.10971450805664062,0.010681341644295596,0.003477334976196289,0.0003809296838422754,3.0,0.5,30.0,l2,lbfgs,"{'C': 3.0, 'l1_ratio': 0.5, 'max_iter': 30.0, 'penalty': 'l2', 'solver': 'lbfgs'}",0.5955558643190351,0.6006710459620169,0.5912870937081283,0.6182156590978379,0.6013427134545472,0.601414475308313,0.00916214815952497,26
130,0.20631856918334962,0.027343810872838794,0.0037322998046875,0.0006802451270452769,3.0,0.75,5.0,l2,liblinear,"{'C': 3.0, 'l1_ratio': 0.75, 'max_iter': 5.0, 'penalty': 'l2', 'solver': 'liblinear'}",0.5936235195434417,0.6012113820510643,0.5916188651112266,0.6106169410932828,0.5990254375155318,0.5992192290629095,0.006678196844113954,66
131,0.09618735313415527,0.00743943482572219,0.004816770553588867,0.0020851231846793277,3.0,0.75,5.0,l2,newton-cg,"{'C': 3.0, 'l1_ratio': 0.75, 'max_iter': 5.0, 'penalty': 'l2', 'solver': 'newton-cg'}",0.5985573026422435,0.6027371882453744,0.5951300057131291,0.6270748522400333,0.6023469944585208,0.6051692686598603,0.011298139085086078,1
132,0.09300146102905274,0.011361359654449895,0.00475778579711914,0.0013230596183602076,3.0,0.75,5.0,l2,sag,"{'C': 3.0, 'l1_ratio': 0.75, 'max_iter': 5.0, 'penalty': 'l2', 'solver': 'sag'}",0.591788949869676,0.5989805659119972,0.5989203979207283,0.6319579124277211,0.568998204079123,0.5981292060418492,0.020171991957366884,71
133,0.08852686882019042,0.007024472420795601,0.0037353515625,0.000791307627769269,3.0,0.75,5.0,l2,saga,"{'C': 3.0, 'l1_ratio': 0.75, 'max_iter': 5.0, 'penalty': 'l2', 'solver': 'saga'}",0.5936248060579395,0.5954606622462029,0.6012325499770705,0.632632983969933,0.5668282397669658,0.5979558484036225,0.021010247049869975,81
134,0.03797316551208496,0.004149735171416717,0.005085468292236328,0.0014666096838651665,3.0,0.75,5.0,l2,lbfgs,"{'C': 3.0, 'l1_ratio': 0.75, 'max_iter': 5.0, 'penalty': 'l2', 'solver': 'lbfgs'}",0.5934601322022297,0.6010171183619069,0.5833450755644598,0.6242925839484128,0.5756054507863879,0.5955440721726795,0.016775804664710247,96
135,0.3827108383178711,0.07924582201917747,0.0034497737884521484,0.0005256037717632224,3.0,0.75,30.0,l2,liblinear,"{'C': 3.0, 'l1_ratio': 0.75, 'max_iter': 30.0, 'penalty': 'l2', 'solver': 'liblinear'}",0.5942899340532668,0.6013040110949011,0.59150870163375,0.6106771467146945,0.5987013519364434,0.5992962290866111,0.006627502203149803,56
136,0.5598827838897705,0.05911500842585699,0.0033971309661865235,0.0003765930128627688,3.0,0.75,30.0,l2,newton-cg,"{'C': 3.0, 'l1_ratio': 0.75, 'max_iter': 30.0, 'penalty': 'l2', 'solver': 'newton-cg'}",0.5942667767923077,0.6013014380659055,0.5914843631910517,0.6106233459466245,0.5987077567897849,0.599276736157135,0.0066179978593915376,61
137,0.2634891033172607,0.009947926651873006,0.003728914260864258,0.0011353367508794814,3.0,0.75,30.0,l2,sag,"{'C': 3.0, 'l1_ratio': 0.75, 'max_iter': 30.0, 'penalty': 'l2', 'solver': 'sag'}",0.5965040255038634,0.6026149693680898,0.5939668843462822,0.6307268996154526,0.5861311867680854,0.6019887931203547,0.015311226188824979,16
138,0.2776182174682617,0.0049637769484239275,0.0033900260925292967,0.00037546441854924414,3.0,0.75,30.0,l2,saga,"{'C': 3.0, 'l1_ratio': 0.75, 'max_iter': 30.0, 'penalty': 'l2', 'solver': 'saga'}",0.5954104881807913,0.6019215380538123,0.5954553722628859,0.6332593786267482,0.5800427331814956,0.6012179020611467,0.01756400812371423,31
139,0.11624798774719239,0.012078038519400508,0.005302572250366211,0.0025098185852771727,3.0,0.75,30.0,l2,lbfgs,"{'C': 3.0, 'l1_ratio': 0.75, 'max_iter': 30.0, 'penalty': 'l2', 'solver': 'lbfgs'}",0.5955558643190351,0.6006710459620169,0.5912870937081283,0.6182156590978379,0.6013427134545472,0.601414475308313,0.00916214815952497,26
140,0.2112966537475586,0.03221536180089203,0.003759765625,0.0009991878721809157,3.0,1.0,5.0,l2,liblinear,"{'C': 3.0, 'l1_ratio': 1.0, 'max_iter': 5.0, 'penalty': 'l2', 'solver': 'liblinear'}",0.5936235195434417,0.6012113820510643,0.5916188651112266,0.6106169410932828,0.5990254375155318,0.5992192290629095,0.006678196844113954,66
141,0.10731339454650879,0.016467506903697568,0.0037658214569091797,0.0005466013067782835,3.0,1.0,5.0,l2,newton-cg,"{'C': 3.0, 'l1_ratio': 1.0, 'max_iter': 5.0, 'penalty': 'l2', 'solver': 'newton-cg'}",0.5985573026422435,0.6027371882453744,0.5951300057131291,0.6270748522400333,0.6023469944585208,0.6051692686598603,0.011298139085086078,1
142,0.08591723442077637,0.010226528184743892,0.004011964797973633,0.0008046997217211487,3.0,1.0,5.0,l2,sag,"{'C': 3.0, 'l1_ratio': 1.0, 'max_iter': 5.0, 'penalty': 'l2', 'solver': 'sag'}",0.591788949869676,0.5989805659119972,0.5989203979207283,0.6319579124277211,0.568998204079123,0.5981292060418492,0.020171991957366884,71
143,0.09393744468688965,0.010208811088607146,0.004599189758300782,0.001394138998467999,3.0,1.0,5.0,l2,saga,"{'C': 3.0, 'l1_ratio': 1.0, 'max_iter': 5.0, 'penalty': 'l2', 'solver': 'saga'}",0.5936248060579395,0.5954606622462029,0.6012325499770705,0.632632983969933,0.5668282397669658,0.5979558484036225,0.021010247049869975,81
144,0.03873434066772461,0.0037638248806474766,0.005560541152954101,0.000884891956397101,3.0,1.0,5.0,l2,lbfgs,"{'C': 3.0, 'l1_ratio': 1.0, 'max_iter': 5.0, 'penalty': 'l2', 'solver': 'lbfgs'}",0.5934601322022297,0.6010171183619069,0.5833450755644598,0.6242925839484128,0.5756054507863879,0.5955440721726795,0.016775804664710247,96
145,0.3800343990325928,0.07467561145567707,0.003638458251953125,0.0006516506115884265,3.0,1.0,30.0,l2,liblinear,"{'C': 3.0, 'l1_ratio': 1.0, 'max_iter': 30.0, 'penalty': 'l2', 'solver': 'liblinear'}",0.5942899340532668,0.6013040110949011,0.59150870163375,0.6106771467146945,0.5987013519364434,0.5992962290866111,0.006627502203149803,56
146,0.5678900718688965,0.06779216747747788,0.003943920135498047,0.0005709776240552797,3.0,1.0,30.0,l2,newton-cg,"{'C': 3.0, 'l1_ratio': 1.0, 'max_iter': 30.0, 'penalty': 'l2', 'solver': 'newton-cg'}",0.5942667767923077,0.6013014380659055,0.5914843631910517,0.6106233459466245,0.5987077567897849,0.599276736157135,0.0066179978593915376,61
147,0.255918025970459,0.005773510086501916,0.003531360626220703,0.001196188990554737,3.0,1.0,30.0,l2,sag,"{'C': 3.0, 'l1_ratio': 1.0, 'max_iter': 30.0, 'penalty': 'l2', 'solver': 'sag'}",0.5965040255038634,0.6026149693680898,0.5939668843462822,0.6307268996154526,0.5861311867680854,0.6019887931203547,0.015311226188824979,16
148,0.26767258644104003,0.010774519880785014,0.003372383117675781,0.0007244710366297432,3.0,1.0,30.0,l2,saga,"{'C': 3.0, 'l1_ratio': 1.0, 'max_iter': 30.0, 'penalty': 'l2', 'solver': 'saga'}",0.5954104881807913,0.6019215380538123,0.5954553722628859,0.6332593786267482,0.5800427331814956,0.6012179020611467,0.01756400812371423,31
149,0.11338386535644532,0.00337959338359927,0.00480504035949707,0.0031675155627289365,3.0,1.0,30.0,l2,lbfgs,"{'C': 3.0, 'l1_ratio': 1.0, 'max_iter': 30.0, 'penalty': 'l2', 'solver': 'lbfgs'}",0.5955558643190351,0.6006710459620169,0.5912870937081283,0.6182156590978379,0.6013427134545472,0.601414475308313,0.00916214815952497,26
